14.5100631000023,0,0,14.5105647000019,300,1000,10,6,0,0,575,0,new_flash (UnityEngine.VideoClip),0,0
14.7619941000012,0,0,14.7619982000033,300,1000,10,6,0,0,575,0,new_flash (UnityEngine.VideoClip),0,0
15.0127216000037,0,0,15.0127246999982,300,1000,10,6,0,0,575,0,new_flash (UnityEngine.VideoClip),0,0
15.2636014000018,0,0,15.2636067999993,300,1000,10,6,0,0,575,0,new_flash (UnityEngine.VideoClip),0,0
15.5155337000033,0,0,15.5155371000001,300,1000,10,6,0,0,575,0,new_flash (UnityEngine.VideoClip),0,0
15.7662931000013,0,0,15.7662969000012,300,1000,10,6,0,0,575,0,new_flash (UnityEngine.VideoClip),0,0
16.0189374999973,0,0,16.0189412999971,300,1000,10,6,0,0,575,0,new_flash (UnityEngine.VideoClip),0,0
16.6471623999969,0,1,16.6471681999974,300,1000,10,6,0,0,575,0,new_flash (UnityEngine.VideoClip),0,0
16.8980492999981,0,1,16.8980522999991,300,1000,10,6,0,0,575,0,new_flash (UnityEngine.VideoClip),0,0
17.1492800999986,0,1,17.1492842000007,300,1000,10,6,0,0,575,0,new_flash (UnityEngine.VideoClip),0,0
17.4000070000038,0,1,17.4000126000028,300,1000,10,6,0,0,575,0,new_flash (UnityEngine.VideoClip),0,0
17.6507139000023,0,1,17.6507168000026,300,1000,10,6,0,0,575,0,new_flash (UnityEngine.VideoClip),0,0
17.901280099999,0,1,17.9012845999969,300,1000,10,6,0,0,575,0,new_flash (UnityEngine.VideoClip),0,0
18.1532484999989,0,1,18.1532527000018,300,1000,10,6,0,0,575,0,new_flash (UnityEngine.VideoClip),0,0
18.9831438000037,0,2,18.9831494000027,300,1000,10,6,0,0,575,0,new_flash (UnityEngine.VideoClip),0,0
19.2335778999986,0,2,19.2335821000015,300,1000,10,6,0,0,575,0,new_flash (UnityEngine.VideoClip),0,0
19.4848054000031,0,2,19.4848092000029,300,1000,10,6,0,0,575,0,new_flash (UnityEngine.VideoClip),0,0
19.7359976000007,0,2,19.7360018999971,300,1000,10,6,0,0,575,0,new_flash (UnityEngine.VideoClip),0,0
7.86265909999929,0,0,7.86339509999925,300,1000,10,6,0,0,575,0,new_flash (UnityEngine.VideoClip),0,0
8.11639649999961,0,0,8.11639939999986,300,1000,10,6,0,0,575,0,new_flash (UnityEngine.VideoClip),0,0
8.37073090000013,0,0,8.37073619999865,300,1000,10,6,0,0,575,0,new_flash (UnityEngine.VideoClip),0,0
8.62561429999914,0,0,8.62561789999927,300,1000,10,6,0,0,575,0,new_flash (UnityEngine.VideoClip),0,0
8.87669879999885,0,0,8.87670409999919,300,1000,10,6,0,0,575,0,new_flash (UnityEngine.VideoClip),0,0
9.12824329999967,0,0,9.1282470999995,300,1000,10,6,0,0,575,0,new_flash (UnityEngine.VideoClip),0,0
9.67873209999925,0,1,9.67873619999955,300,1000,10,6,0,0,575,0,new_flash (UnityEngine.VideoClip),0,0
9.93093319999934,0,1,9.93093659999977,300,1000,10,6,0,0,575,0,new_flash (UnityEngine.VideoClip),0,0
10.1833310999991,0,1,10.1833344999995,300,1000,10,6,0,0,575,0,new_flash (UnityEngine.VideoClip),0,0
10.4346535999994,0,1,10.4346573000003,300,1000,10,6,0,0,575,0,new_flash (UnityEngine.VideoClip),0,0
10.6894202999993,0,1,10.6894238999994,300,1000,10,6,0,0,575,0,new_flash (UnityEngine.VideoClip),0,0
11.2055366999994,0,2,11.2055397000004,300,1000,10,6,0,0,575,0,new_flash (UnityEngine.VideoClip),0,0
11.4584039000001,0,2,11.4584078999997,300,1000,10,6,0,0,575,0,new_flash (UnityEngine.VideoClip),0,0
11.7109965999989,0,2,11.7110006999992,300,1000,10,6,0,0,575,0,new_flash (UnityEngine.VideoClip),0,0
11.9635335999992,0,2,11.9635378000003,300,1000,10,6,0,0,575,0,new_flash (UnityEngine.VideoClip),0,0
12.2156384999998,0,2,12.2156452999989,300,1000,10,6,0,0,575,0,new_flash (UnityEngine.VideoClip),0,0
18.1788753000001,0,0,18.1788780999996,300,1000,10,6,0,0,575,0,new_flash (UnityEngine.VideoClip),0,0
18.4314350999994,0,0,18.4314388000003,300,1000,10,6,0,0,575,0,new_flash (UnityEngine.VideoClip),0,0
18.6832785999995,0,0,18.683281399999,300,1000,10,6,0,0,575,0,new_flash (UnityEngine.VideoClip),0,0
18.9348652999997,0,0,18.9348685999994,300,1000,10,6,0,0,575,0,new_flash (UnityEngine.VideoClip),0,0
19.1868238999996,0,0,19.1868263999986,300,1000,10,6,0,0,575,0,new_flash (UnityEngine.VideoClip),0,0
19.4386338000004,0,0,19.4386372999998,300,1000,10,6,0,0,575,0,new_flash (UnityEngine.VideoClip),0,0
29.4525386999994,0,1,18.4458449305785,300,1000,10,6,0,0,575,0,new_flash (UnityEngine.VideoClip),0,0
29.7052248999989,0,1,18.6985260305773,300,1000,10,6,0,0,575,0,new_flash (UnityEngine.VideoClip),0,0
29.9577023000002,0,1,18.9510039305787,300,1000,10,6,0,0,575,0,new_flash (UnityEngine.VideoClip),0,0
30.2091191999989,0,1,19.2024209305782,300,1000,10,6,0,0,575,0,new_flash (UnityEngine.VideoClip),0,0
30.4614908999993,0,1,19.454800430578,300,1000,10,6,0,0,575,0,new_flash (UnityEngine.VideoClip),0,0
30.7125557999989,0,1,19.7058584305778,300,1000,10,6,0,0,575,0,new_flash (UnityEngine.VideoClip),0,0
30.9642296000002,0,1,19.9575313305777,300,1000,10,6,0,0,575,0,new_flash (UnityEngine.VideoClip),0,0
8.88410649999969,0,0,8.88476040000023,300,1000,10,6,0,0,575,0,new_flash (UnityEngine.VideoClip),0,0
9.13820710000073,0,0,9.13821170000119,300,1000,10,6,0,0,575,0,new_flash (UnityEngine.VideoClip),0,0
9.39327299999968,0,0,9.39327589999994,300,1000,10,6,0,0,575,0,new_flash (UnityEngine.VideoClip),0,0
9.646867200001,0,0,9.64687060000142,300,1000,10,6,0,0,575,0,new_flash (UnityEngine.VideoClip),0,0
9.90037400000074,0,0,9.90037810000103,300,1000,10,6,0,0,575,0,new_flash (UnityEngine.VideoClip),0,0
10.1527764000002,0,0,10.1527794000012,300,1000,10,6,0,0,575,0,new_flash (UnityEngine.VideoClip),0,0
10.4036274999999,0,0,10.4036305999998,300,1000,10,6,0,0,575,0,new_flash (UnityEngine.VideoClip),0,0
10.6557041000015,0,0,10.6557078000005,300,1000,10,6,0,0,575,0,new_flash (UnityEngine.VideoClip),0,0
10.9074158000003,0,0,10.9074197999998,300,1000,10,6,0,0,575,0,new_flash (UnityEngine.VideoClip),0,0
11.1612287999997,0,0,11.1612318000007,300,1000,10,6,0,0,575,0,new_flash (UnityEngine.VideoClip),0,0
11.4148261999999,0,0,11.4148298,300,1000,10,6,0,0,575,0,new_flash (UnityEngine.VideoClip),0,0
12.2128986000007,0,1,12.2129017000007,300,1000,10,6,0,0,575,0,new_flash (UnityEngine.VideoClip),0,0
12.4638239000014,0,1,12.4638290000003,300,1000,10,6,0,0,575,0,new_flash (UnityEngine.VideoClip),0,0
12.7167065000012,0,1,12.7167098000009,300,1000,10,6,0,0,575,0,new_flash (UnityEngine.VideoClip),0,0
12.9695889000013,0,1,12.969593400001,300,1000,10,6,0,0,575,0,new_flash (UnityEngine.VideoClip),0,0
13.2230071000013,0,1,13.2230108000003,300,1000,10,6,0,0,575,0,new_flash (UnityEngine.VideoClip),0,0
13.4779639000008,0,1,13.4779679000003,300,1000,10,6,0,0,575,0,new_flash (UnityEngine.VideoClip),0,0
13.7293337999999,0,1,13.7293375999998,300,1000,10,6,0,0,575,0,new_flash (UnityEngine.VideoClip),0,0
13.9826989000012,0,1,13.9827021000001,300,1000,10,6,0,0,575,0,new_flash (UnityEngine.VideoClip),0,0
17.5379736000014,0,2,17.5379783000008,300,1000,10,6,0,0,575,0,new_flash (UnityEngine.VideoClip),0,0
17.7902150000009,0,2,17.7902207000006,300,1000,10,6,0,0,575,0,new_flash (UnityEngine.VideoClip),0,0
18.042269900001,0,2,18.0422745000014,300,1000,10,6,0,0,575,0,new_flash (UnityEngine.VideoClip),0,0
18.2964769999999,0,2,18.2964802000006,300,1000,10,6,0,0,575,0,new_flash (UnityEngine.VideoClip),0,0
18.5504541000009,0,2,18.5504574000006,300,1000,10,6,0,0,575,0,new_flash (UnityEngine.VideoClip),0,0
18.8040192000008,0,2,18.8040254000007,300,1000,10,6,0,0,575,0,new_flash (UnityEngine.VideoClip),0,0
19.0580225000012,0,2,19.0580279000005,300,1000,10,6,0,0,575,0,new_flash (UnityEngine.VideoClip),0,0
19.3094902000012,0,2,19.3094942000007,300,1000,10,6,0,0,575,0,new_flash (UnityEngine.VideoClip),0,0
23.8688933000012,0,0,23.8688976000012,300,1000,10,6,0,0,575,0,new_flash (UnityEngine.VideoClip),0,0
24.1200078000002,0,0,24.1200117000008,300,1000,10,6,0,0,575,0,new_flash (UnityEngine.VideoClip),0,0
24.3715429000003,0,0,24.3715467000002,300,1000,10,6,0,0,575,0,new_flash (UnityEngine.VideoClip),0,0
24.6267876000002,0,0,24.6267936000004,300,1000,10,6,0,0,575,0,new_flash (UnityEngine.VideoClip),0,0
24.8814729000005,0,0,24.8814782999998,300,1000,10,6,0,0,575,0,new_flash (UnityEngine.VideoClip),0,0
25.1359931000006,0,0,25.1359964000003,300,1000,10,6,0,0,575,0,new_flash (UnityEngine.VideoClip),0,0
25.3874444000012,0,0,25.3874492000014,300,1000,10,6,0,0,575,0,new_flash (UnityEngine.VideoClip),0,0
26.2132157000015,0,1,4.95617214680169,300,1000,10,6,0,0,575,0,new_flash (UnityEngine.VideoClip),0,0
26.4669033999999,0,1,5.20986314680158,300,1000,10,6,0,0,575,0,new_flash (UnityEngine.VideoClip),0,0
26.7186997999997,0,1,5.46165874680264,300,1000,10,6,0,0,575,0,new_flash (UnityEngine.VideoClip),0,0
26.9725111000007,0,1,5.71546694680183,300,1000,10,6,0,0,575,0,new_flash (UnityEngine.VideoClip),0,0
27.226773800001,0,1,5.96972904680297,300,1000,10,6,0,0,575,0,new_flash (UnityEngine.VideoClip),0,0
27.4809830000013,0,1,6.22394074680233,300,1000,10,6,0,0,575,0,new_flash (UnityEngine.VideoClip),0,0
27.7336585000012,0,1,6.47661424680155,300,1000,10,6,0,0,575,0,new_flash (UnityEngine.VideoClip),0,0
27.9858221000013,0,1,6.72878044680147,300,1000,10,6,0,0,575,0,new_flash (UnityEngine.VideoClip),0,0
11.5422214000009,0,0,11.5423651000001,300,1000,10,6,0,0,575,0,new_flash (UnityEngine.VideoClip),0,0
11.7983486000012,0,0,11.7983525,300,1000,10,6,0,0,575,0,new_flash (UnityEngine.VideoClip),0,0
12.0523806000001,0,0,12.0523862000009,300,1000,10,6,0,0,575,0,new_flash (UnityEngine.VideoClip),0,0
12.3040484000012,0,0,12.3040529999998,300,1000,10,6,0,0,575,0,new_flash (UnityEngine.VideoClip),0,0
12.5594558000012,0,0,12.5594627000009,300,1000,10,6,0,0,575,0,new_flash (UnityEngine.VideoClip),0,0
12.8117759000015,0,0,12.8117799000011,300,1000,10,6,0,0,575,0,new_flash (UnityEngine.VideoClip),0,0
13.5019459000014,0,1,13.501951100001,300,1000,10,6,0,0,575,0,new_flash (UnityEngine.VideoClip),0,0
13.7580269000009,0,1,13.7580304000003,300,1000,10,6,0,0,575,0,new_flash (UnityEngine.VideoClip),0,0
14.0096541000003,0,1,14.0096576000014,300,1000,10,6,0,0,575,0,new_flash (UnityEngine.VideoClip),0,0
14.2619963000016,0,1,14.2620007000005,300,1000,10,6,0,0,575,0,new_flash (UnityEngine.VideoClip),0,0
15.1708649000011,0,2,15.1708685000012,300,1000,10,6,0,0,575,0,new_flash (UnityEngine.VideoClip),0,0
15.4268521000013,0,2,15.4268568000007,300,1000,10,6,0,0,575,0,new_flash (UnityEngine.VideoClip),0,0
15.6810325000006,0,2,15.6810363000004,300,1000,10,6,0,0,575,0,new_flash (UnityEngine.VideoClip),0,0
15.9348074000009,0,2,15.9348125000015,300,1000,10,6,0,0,575,0,new_flash (UnityEngine.VideoClip),0,0
16.185900800001,0,2,16.1859043000004,300,1000,10,6,0,0,575,0,new_flash (UnityEngine.VideoClip),0,0
18.4891683000005,0,0,18.4891721000004,300,1000,10,6,0,0,575,0,new_flash (UnityEngine.VideoClip),0,0
18.7424504999999,0,0,18.7424540000011,300,1000,10,6,0,0,575,0,new_flash (UnityEngine.VideoClip),0,0
18.9977196,0,0,18.9977241000015,300,1000,10,6,0,0,575,0,new_flash (UnityEngine.VideoClip),0,0
19.2490642000012,0,0,19.2490680999999,300,1000,10,6,0,0,575,0,new_flash (UnityEngine.VideoClip),0,0
19.5033562000008,0,0,19.5033598000009,300,1000,10,6,0,0,575,0,new_flash (UnityEngine.VideoClip),0,0
19.7562506000013,0,0,19.7562545000001,300,1000,10,6,0,0,575,0,new_flash (UnityEngine.VideoClip),0,0
20.4801310000003,0,1,5.02291612248519,300,1000,10,6,0,0,575,0,new_flash (UnityEngine.VideoClip),0,0
20.732243800001,0,1,5.27502712248679,300,1000,10,6,0,0,575,0,new_flash (UnityEngine.VideoClip),0,0
20.9848871000013,0,1,5.52767042248524,300,1000,10,6,0,0,575,0,new_flash (UnityEngine.VideoClip),0,0
21.239156900001,0,1,5.78194152248579,300,1000,10,6,0,0,575,0,new_flash (UnityEngine.VideoClip),0,0
21.4936453999999,0,1,6.03642932248658,300,1000,10,6,0,0,575,0,new_flash (UnityEngine.VideoClip),0,0
22.3232177000009,0,2,5.0065053448252,300,1000,10,6,0,0,575,0,new_flash (UnityEngine.VideoClip),0,0
22.5759124000015,0,2,5.2591982448248,300,1000,10,6,0,0,575,0,new_flash (UnityEngine.VideoClip),0,0
22.831276500001,0,2,5.51456264482476,300,1000,10,6,0,0,575,0,new_flash (UnityEngine.VideoClip),0,0
23.0854053000003,0,2,5.76868954482416,300,1000,10,6,0,0,575,0,new_flash (UnityEngine.VideoClip),0,0
23.3368167000008,0,2,6.02010114482437,300,1000,10,6,0,0,575,0,new_flash (UnityEngine.VideoClip),0,0
24.0659919000009,0,3,4.96256028364405,300,1000,10,6,0,0,575,0,new_flash (UnityEngine.VideoClip),0,0
24.3211885000001,0,3,5.21775758364311,300,1000,10,6,0,0,575,0,new_flash (UnityEngine.VideoClip),0,0
24.5726187,0,3,5.46918828364323,300,1000,10,6,0,0,575,0,new_flash (UnityEngine.VideoClip),0,0
24.8274978999998,0,3,5.7240655836431,300,1000,10,6,0,0,575,0,new_flash (UnityEngine.VideoClip),0,0
25.0791182000012,0,3,5.97568678364405,300,1000,10,6,0,0,575,0,new_flash (UnityEngine.VideoClip),0,0
25.8793400000013,0,4,4.93993233667061,300,1000,10,6,0,0,575,0,new_flash (UnityEngine.VideoClip),0,0
26.1335018000009,0,4,5.19409503666975,300,1000,10,6,0,0,575,0,new_flash (UnityEngine.VideoClip),0,0
26.3870875000011,0,4,5.44768083667077,300,1000,10,6,0,0,575,0,new_flash (UnityEngine.VideoClip),0,0
26.6383882000009,0,4,5.69898093667143,300,1000,10,6,0,0,575,0,new_flash (UnityEngine.VideoClip),0,0
26.8954408000009,0,4,5.95603333666986,300,1000,10,6,0,0,575,0,new_flash (UnityEngine.VideoClip),0,0
27.6953742000005,0,5,4.93913414057715,300,1000,10,6,0,0,575,0,new_flash (UnityEngine.VideoClip),0,0
27.9496947000007,0,5,5.19345374057775,300,1000,10,6,0,0,575,0,new_flash (UnityEngine.VideoClip),0,0
28.2026763000013,0,5,5.4464366405773,300,1000,10,6,0,0,575,0,new_flash (UnityEngine.VideoClip),0,0
28.456106900001,0,5,5.69986774057725,300,1000,10,6,0,0,575,0,new_flash (UnityEngine.VideoClip),0,0
28.7097522000004,0,5,5.95351184057654,300,1000,10,6,0,0,575,0,new_flash (UnityEngine.VideoClip),0,0
29.4040605999999,0,6,4.94915973637762,300,1000,10,6,0,0,575,0,new_flash (UnityEngine.VideoClip),0,0
29.6594140000016,0,6,5.20451123637758,300,1000,10,6,0,0,575,0,new_flash (UnityEngine.VideoClip),0,0
29.911881,0,6,5.4569815363775,300,1000,10,6,0,0,575,0,new_flash (UnityEngine.VideoClip),0,0
30.1667705,0,6,5.71186793637753,300,1000,10,6,0,0,575,0,new_flash (UnityEngine.VideoClip),0,0
30.4185785999998,0,6,5.9636770363777,300,1000,10,6,0,0,575,0,new_flash (UnityEngine.VideoClip),0,0
30.6699238000001,0,6,6.21502113637689,300,1000,10,6,0,0,575,0,new_flash (UnityEngine.VideoClip),0,0
31.2679315000005,0,7,4.94763925878942,300,1000,10,6,0,0,575,0,new_flash (UnityEngine.VideoClip),0,0
31.5201882000001,0,7,5.19989485878978,300,1000,10,6,0,0,575,0,new_flash (UnityEngine.VideoClip),0,0
31.7720759000003,0,7,5.45178245878924,300,1000,10,6,0,0,575,0,new_flash (UnityEngine.VideoClip),0,0
32.0290487000002,0,7,5.70875705879007,300,1000,10,6,0,0,575,0,new_flash (UnityEngine.VideoClip),0,0
32.2843157000007,0,7,5.96402455878888,300,1000,10,6,0,0,575,0,new_flash (UnityEngine.VideoClip),0,0
32.898419000001,1,0,4.88256961816478,50,1150,12,20,0,0,575,-35,new_flash (UnityEngine.VideoClip),0,0
33.1529461000009,1,0,5.13709961816494,50,1150,12,20,0,0,575,-35,new_flash (UnityEngine.VideoClip),0,0
33.4062878000004,1,0,5.39044331816513,50,1150,12,20,0,0,575,-35,new_flash (UnityEngine.VideoClip),0,0
33.6593064000008,1,0,5.64345731816502,50,1150,12,20,0,0,575,-35,new_flash (UnityEngine.VideoClip),0,0
33.9125469999999,1,0,5.89669711816532,50,1150,12,20,0,0,575,-35,new_flash (UnityEngine.VideoClip),0,0
34.4705198000011,1,1,4.87945763952666,50,1150,12,20,0,0,575,-35,new_flash (UnityEngine.VideoClip),0,0
34.7215239000016,1,1,5.13046383952678,50,1150,12,20,0,0,575,-35,new_flash (UnityEngine.VideoClip),0,0
34.9746159000006,1,1,5.38355293952736,50,1150,12,20,0,0,575,-35,new_flash (UnityEngine.VideoClip),0,0
35.2258019000001,1,1,5.63474123952619,50,1150,12,20,0,0,575,-35,new_flash (UnityEngine.VideoClip),0,0
35.4800903000014,1,1,5.88903313952687,50,1150,12,20,0,0,575,-35,new_flash (UnityEngine.VideoClip),0,0
36.2313986000008,1,2,4.91838992321937,50,1150,12,20,0,0,575,-35,new_flash (UnityEngine.VideoClip),0,0
36.4860916000016,1,2,5.17308212321768,50,1150,12,20,0,0,575,-35,new_flash (UnityEngine.VideoClip),0,0
36.7431906000002,1,2,5.43018572321853,50,1150,12,20,0,0,575,-35,new_flash (UnityEngine.VideoClip),0,0
36.9953676000005,1,2,5.68235862321853,50,1150,12,20,0,0,575,-35,new_flash (UnityEngine.VideoClip),0,0
37.2530691000011,1,2,5.94006142321814,50,1150,12,20,0,0,575,-35,new_flash (UnityEngine.VideoClip),0,0
37.5051131,1,2,6.19210362321792,50,1150,12,20,0,0,575,-35,new_flash (UnityEngine.VideoClip),0,0
38.6109047000009,1,3,5.26325093530431,50,1150,12,20,0,0,575,-35,new_flash (UnityEngine.VideoClip),0,0
38.8686944000001,1,3,5.52103853530389,50,1150,12,20,0,0,575,-35,new_flash (UnityEngine.VideoClip),0,0
39.1213173000015,1,3,5.77366213530331,50,1150,12,20,0,0,575,-35,new_flash (UnityEngine.VideoClip),0,0
39.372929000001,1,3,6.02527293530329,50,1150,12,20,0,0,575,-35,new_flash (UnityEngine.VideoClip),0,0
39.6241499000007,1,3,6.27649323530386,50,1150,12,20,0,0,575,-35,new_flash (UnityEngine.VideoClip),0,0
39.8788774000004,1,3,6.53122063530282,50,1150,12,20,0,0,575,-35,new_flash (UnityEngine.VideoClip),0,0
40.1358918000005,1,3,6.78823693530285,50,1150,12,20,0,0,575,-35,new_flash (UnityEngine.VideoClip),0,0
40.3909027000009,1,3,7.04324573530357,50,1150,12,20,0,0,575,-35,new_flash (UnityEngine.VideoClip),0,0
40.6434286000003,1,3,7.29577273530413,50,1150,12,20,0,0,575,-35,new_flash (UnityEngine.VideoClip),0,0
40.8957644000002,1,3,7.54810763530259,50,1150,12,20,0,0,575,-35,new_flash (UnityEngine.VideoClip),0,0
41.1493994000011,1,3,7.80174293530399,50,1150,12,20,0,0,575,-35,new_flash (UnityEngine.VideoClip),0,0
41.405768300001,1,3,8.05811203530357,50,1150,12,20,0,0,575,-35,new_flash (UnityEngine.VideoClip),0,0
41.6598327000011,1,3,8.31217603530422,50,1150,12,20,0,0,575,-35,new_flash (UnityEngine.VideoClip),0,0
41.9109375000007,1,3,8.56328203530393,50,1150,12,20,0,0,575,-35,new_flash (UnityEngine.VideoClip),0,0
42.1648464000009,1,3,8.817189835303,50,1150,12,20,0,0,575,-35,new_flash (UnityEngine.VideoClip),0,0
42.4198842000005,1,3,9.07222783530415,50,1150,12,20,0,0,575,-35,new_flash (UnityEngine.VideoClip),0,0
42.6711785000007,1,3,9.32352193530278,50,1150,12,20,0,0,575,-35,new_flash (UnityEngine.VideoClip),0,0
42.9246108000007,1,3,9.57695583530403,50,1150,12,20,0,0,575,-35,new_flash (UnityEngine.VideoClip),0,0
43.1765714000012,1,3,9.82891473530253,50,1150,12,20,0,0,575,-35,new_flash (UnityEngine.VideoClip),0,0
43.4287205000001,1,3,10.0810647353028,50,1150,12,20,0,0,575,-35,new_flash (UnityEngine.VideoClip),0,0
43.6847140000009,1,3,10.3370582353036,50,1150,12,20,0,0,575,-35,new_flash (UnityEngine.VideoClip),0,0
43.9389854000001,1,3,10.5913293353042,50,1150,12,20,0,0,575,-35,new_flash (UnityEngine.VideoClip),0,0
44.1901651000007,1,3,10.8425118353043,50,1150,12,20,0,0,575,-35,new_flash (UnityEngine.VideoClip),0,0
44.4419541000007,1,3,11.0943001353025,50,1150,12,20,0,0,575,-35,new_flash (UnityEngine.VideoClip),0,0
44.6958622000002,1,3,11.3482064353029,50,1150,12,20,0,0,575,-35,new_flash (UnityEngine.VideoClip),0,0
44.9528731999999,1,3,11.6052175353034,50,1150,12,20,0,0,575,-35,new_flash (UnityEngine.VideoClip),0,0
45.2065186,1,3,11.8588623353025,50,1150,12,20,0,0,575,-35,new_flash (UnityEngine.VideoClip),0,0
45.4587910000009,1,3,12.1111384353026,50,1150,12,20,0,0,575,-35,new_flash (UnityEngine.VideoClip),0,0
45.7157287999999,1,3,12.3680784353037,50,1150,12,20,0,0,575,-35,new_flash (UnityEngine.VideoClip),0,0
45.9695845000006,1,3,12.621927635304,50,1150,12,20,0,0,575,-35,new_flash (UnityEngine.VideoClip),0,0
46.2239538000013,1,3,12.8762984353034,50,1150,12,20,0,0,575,-35,new_flash (UnityEngine.VideoClip),0,0
46.476646000001,1,3,13.1289894353031,50,1150,12,20,0,0,575,-35,new_flash (UnityEngine.VideoClip),0,0
46.7316652999998,1,3,13.3840101353035,50,1150,12,20,0,0,575,-35,new_flash (UnityEngine.VideoClip),0,0
46.9837882000011,1,3,13.6361331353037,50,1150,12,20,0,0,575,-35,new_flash (UnityEngine.VideoClip),0,0
47.2377944,1,3,13.8901435353037,50,1150,12,20,0,0,575,-35,new_flash (UnityEngine.VideoClip),0,0
47.4929163000015,1,3,14.1452600353041,50,1150,12,20,0,0,575,-35,new_flash (UnityEngine.VideoClip),0,0
47.7459230000004,1,3,14.3982660353031,50,1150,12,20,0,0,575,-35,new_flash (UnityEngine.VideoClip),0,0
47.9977641000005,1,3,14.6501071353032,50,1150,12,20,0,0,575,-35,new_flash (UnityEngine.VideoClip),0,0
48.2511447000015,1,3,14.9034881353036,50,1150,12,20,0,0,575,-35,new_flash (UnityEngine.VideoClip),0,0
48.5023766000013,1,3,15.1547289353039,50,1150,12,20,0,0,575,-35,new_flash (UnityEngine.VideoClip),0,0
48.7544031000016,1,3,15.4067469353031,50,1150,12,20,0,0,575,-35,new_flash (UnityEngine.VideoClip),0,0
49.2091943000014,1,3,15.8615388353028,50,1150,12,20,0,0,575,-35,new_flash (UnityEngine.VideoClip),0,0
49.4638713000004,1,3,16.1162242353039,50,1150,12,20,0,0,575,-35,new_flash (UnityEngine.VideoClip),0,0
49.7188676000005,1,3,16.3712122353027,50,1150,12,20,0,0,575,-35,new_flash (UnityEngine.VideoClip),0,0
49.970379800001,1,3,16.6227234353028,50,1150,12,20,0,0,575,-35,new_flash (UnityEngine.VideoClip),0,0
50.2250257000014,1,3,16.877370635304,50,1150,12,20,0,0,575,-35,new_flash (UnityEngine.VideoClip),0,0
50.4766854000009,1,3,17.1290298353033,50,1150,12,20,0,0,575,-35,new_flash (UnityEngine.VideoClip),0,0
50.7299437000001,1,3,17.3822869353025,50,1150,12,20,0,0,575,-35,new_flash (UnityEngine.VideoClip),0,0
50.9824781000007,1,3,17.6348220353029,50,1150,12,20,0,0,575,-35,new_flash (UnityEngine.VideoClip),0,0
51.23459,1,3,17.8869342353028,50,1150,12,20,0,0,575,-35,new_flash (UnityEngine.VideoClip),0,0
51.4870643000013,1,3,18.1394077353034,50,1150,12,20,0,0,575,-35,new_flash (UnityEngine.VideoClip),0,0
51.7473631000012,1,3,18.3997090353041,50,1150,12,20,0,0,575,-35,new_flash (UnityEngine.VideoClip),0,0
52.0029376000002,1,3,18.655281835303,50,1150,12,20,0,0,575,-35,new_flash (UnityEngine.VideoClip),0,0
52.2545777000014,1,3,18.9069267353043,50,1150,12,20,0,0,575,-35,new_flash (UnityEngine.VideoClip),0,0
52.5089017000009,1,3,19.1612455353043,50,1150,12,20,0,0,575,-35,new_flash (UnityEngine.VideoClip),0,0
52.759888300001,1,3,19.4122330353039,50,1150,12,20,0,0,575,-35,new_flash (UnityEngine.VideoClip),0,0
53.0134935000005,1,3,19.6658375353036,50,1150,12,20,0,0,575,-35,new_flash (UnityEngine.VideoClip),0,0
53.2713091000005,1,3,19.9236540353031,50,1150,12,20,0,0,575,-35,new_flash (UnityEngine.VideoClip),0,0
53.5249430000003,1,3,20.1772865353032,50,1150,12,20,0,0,575,-35,new_flash (UnityEngine.VideoClip),0,0
53.7814799000007,1,3,20.433823735304,50,1150,12,20,0,0,575,-35,new_flash (UnityEngine.VideoClip),0,0
54.0366247000002,1,3,20.6889684353027,50,1150,12,20,0,0,575,-35,new_flash (UnityEngine.VideoClip),0,0
54.2879096000015,1,3,20.9402541353029,50,1150,12,20,0,0,575,-35,new_flash (UnityEngine.VideoClip),0,0
54.5398248000001,1,3,21.1921685353027,50,1150,12,20,0,0,575,-35,new_flash (UnityEngine.VideoClip),0,0
54.7962297000013,1,3,21.4485753353038,50,1150,12,20,0,0,575,-35,new_flash (UnityEngine.VideoClip),0,0
55.047550700001,1,3,21.6998943353028,50,1150,12,20,0,0,575,-35,new_flash (UnityEngine.VideoClip),0,0
55.3019046000009,1,3,21.9542481353037,50,1150,12,20,0,0,575,-35,new_flash (UnityEngine.VideoClip),0,0
55.5562536000016,1,3,22.2085975353039,50,1150,12,20,0,0,575,-35,new_flash (UnityEngine.VideoClip),0,0
55.8080699000002,1,3,22.4604132353033,50,1150,12,20,0,0,575,-35,new_flash (UnityEngine.VideoClip),0,0
56.0603844000016,1,3,22.7127285353035,50,1150,12,20,0,0,575,-35,new_flash (UnityEngine.VideoClip),0,0
56.312414,1,3,22.9647572353042,50,1150,12,20,0,0,575,-35,new_flash (UnityEngine.VideoClip),0,0
56.5650980000009,1,3,23.217443335303,50,1150,12,20,0,0,575,-35,new_flash (UnityEngine.VideoClip),0,0
56.8181561000001,1,3,23.470499635303,50,1150,12,20,0,0,575,-35,new_flash (UnityEngine.VideoClip),0,0
57.0729382000009,1,3,23.7252844353043,50,1150,12,20,0,0,575,-35,new_flash (UnityEngine.VideoClip),0,0
57.3253955,1,3,23.9777404353026,50,1150,12,20,0,0,575,-35,new_flash (UnityEngine.VideoClip),0,0
57.5778621000009,1,3,24.2302051353035,50,1150,12,20,0,0,575,-35,new_flash (UnityEngine.VideoClip),0,0
57.8292716000014,1,3,24.4816150353035,50,1150,12,20,0,0,575,-35,new_flash (UnityEngine.VideoClip),0,0
58.0842217999998,1,3,24.7365728353034,50,1150,12,20,0,0,575,-35,new_flash (UnityEngine.VideoClip),0,0
58.3358388000015,1,3,24.9881828353027,50,1150,12,20,0,0,575,-35,new_flash (UnityEngine.VideoClip),0,0
58.5885429999998,1,3,25.2408867353042,50,1150,12,20,0,0,575,-35,new_flash (UnityEngine.VideoClip),0,0
58.8437275000015,1,3,25.4960723353033,50,1150,12,20,0,0,575,-35,new_flash (UnityEngine.VideoClip),0,0
59.0969427,1,3,25.7492864353026,50,1150,12,20,0,0,575,-35,new_flash (UnityEngine.VideoClip),0,0
59.3496059000008,1,3,26.0019500353028,50,1150,12,20,0,0,575,-35,new_flash (UnityEngine.VideoClip),0,0
59.6078588,1,3,26.2602040353031,50,1150,12,20,0,0,575,-35,new_flash (UnityEngine.VideoClip),0,0
59.8624073999999,1,3,26.5147509353028,50,1150,12,20,0,0,575,-35,new_flash (UnityEngine.VideoClip),0,0
60.1137863000004,1,3,26.7661304353041,50,1150,12,20,0,0,575,-35,new_flash (UnityEngine.VideoClip),0,0
60.3678086,1,3,27.0201541353035,50,1150,12,20,0,0,575,-35,new_flash (UnityEngine.VideoClip),0,0
60.6246427000005,1,3,27.276991435303,50,1150,12,20,0,0,575,-35,new_flash (UnityEngine.VideoClip),0,0
60.8797608000004,1,3,27.5321037353042,50,1150,12,20,0,0,575,-35,new_flash (UnityEngine.VideoClip),0,0
61.1312623000013,1,3,27.7836053353039,50,1150,12,20,0,0,575,-35,new_flash (UnityEngine.VideoClip),0,0
61.3856789000001,1,3,28.0380229353032,50,1150,12,20,0,0,575,-35,new_flash (UnityEngine.VideoClip),0,0
61.6386864000015,1,3,28.2910311353025,50,1150,12,20,0,0,575,-35,new_flash (UnityEngine.VideoClip),0,0
61.8960772999999,1,3,28.5484217353041,50,1150,12,20,0,0,575,-35,new_flash (UnityEngine.VideoClip),0,0
62.1488879000008,1,3,28.8012317353041,50,1150,12,20,0,0,575,-35,new_flash (UnityEngine.VideoClip),0,0
62.4040118000012,1,3,29.0563558353042,50,1150,12,20,0,0,575,-35,new_flash (UnityEngine.VideoClip),0,0
62.6555629000013,1,3,29.307907135304,50,1150,12,20,0,0,575,-35,new_flash (UnityEngine.VideoClip),0,0
62.9075623000008,1,3,29.5599061353041,50,1150,12,20,0,0,575,-35,new_flash (UnityEngine.VideoClip),0,0
63.1585374000006,1,3,29.8108810353042,50,1150,12,20,0,0,575,-35,new_flash (UnityEngine.VideoClip),0,0
63.4126420000011,1,3,30.064985535304,50,1150,12,20,0,0,575,-35,new_flash (UnityEngine.VideoClip),0,0
63.6665348000006,1,3,30.3188778353033,50,1150,12,20,0,0,575,-35,new_flash (UnityEngine.VideoClip),0,0
63.9259539000013,1,3,30.5783005353042,50,1150,12,20,0,0,575,-35,new_flash (UnityEngine.VideoClip),0,0
64.177671200001,1,3,30.8300144353034,50,1150,12,20,0,0,575,-35,new_flash (UnityEngine.VideoClip),0,0
64.4303271000008,1,3,31.0826702353042,50,1150,12,20,0,0,575,-35,new_flash (UnityEngine.VideoClip),0,0
64.6856317000002,1,3,31.3379759353029,50,1150,12,20,0,0,575,-35,new_flash (UnityEngine.VideoClip),0,0
64.9386705000015,1,3,31.5910141353033,50,1150,12,20,0,0,575,-35,new_flash (UnityEngine.VideoClip),0,0
65.1912644000004,1,3,31.8436076353028,50,1150,12,20,0,0,575,-35,new_flash (UnityEngine.VideoClip),0,0
65.4457480000001,1,3,32.0980912353043,50,1150,12,20,0,0,575,-35,new_flash (UnityEngine.VideoClip),0,0
65.6971317000007,1,3,32.3494749353031,50,1150,12,20,0,0,575,-35,new_flash (UnityEngine.VideoClip),0,0
65.9495065999999,1,3,32.6018497353034,50,1150,12,20,0,0,575,-35,new_flash (UnityEngine.VideoClip),0,0
66.2011178000012,1,3,32.8534608353038,50,1150,12,20,0,0,575,-35,new_flash (UnityEngine.VideoClip),0,0
66.452673400001,1,3,33.1050182353029,50,1150,12,20,0,0,575,-35,new_flash (UnityEngine.VideoClip),0,0
66.7043718000004,1,3,33.3567160353032,50,1150,12,20,0,0,575,-35,new_flash (UnityEngine.VideoClip),0,0
66.9583253000001,1,3,33.6106693353031,50,1150,12,20,0,0,575,-35,new_flash (UnityEngine.VideoClip),0,0
67.2112949000002,1,3,33.8636409353039,50,1150,12,20,0,0,575,-35,new_flash (UnityEngine.VideoClip),0,0
67.4674350000005,1,3,34.1197785353033,50,1150,12,20,0,0,575,-35,new_flash (UnityEngine.VideoClip),0,0
67.7193275000009,1,3,34.3716707353033,50,1150,12,20,0,0,575,-35,new_flash (UnityEngine.VideoClip),0,0
67.9768854000013,1,3,34.6292305353036,50,1150,12,20,0,0,575,-35,new_flash (UnityEngine.VideoClip),0,0
68.2356075000007,1,3,34.8879523353025,50,1150,12,20,0,0,575,-35,new_flash (UnityEngine.VideoClip),0,0
68.4927433000012,1,3,35.1450884353035,50,1150,12,20,0,0,575,-35,new_flash (UnityEngine.VideoClip),0,0
68.7467606000009,1,3,35.3991043353035,50,1150,12,20,0,0,575,-35,new_flash (UnityEngine.VideoClip),0,0
69.0004838000004,1,3,35.6528269353039,50,1150,12,20,0,0,575,-35,new_flash (UnityEngine.VideoClip),0,0
69.2519089000016,1,3,35.9042527353031,50,1150,12,20,0,0,575,-35,new_flash (UnityEngine.VideoClip),0,0
69.5028483000006,1,3,36.1551923353036,50,1150,12,20,0,0,575,-35,new_flash (UnityEngine.VideoClip),0,0
69.7551116000013,1,3,36.4074558353041,50,1150,12,20,0,0,575,-35,new_flash (UnityEngine.VideoClip),0,0
70.0079472000016,1,3,36.6602908353034,50,1150,12,20,0,0,575,-35,new_flash (UnityEngine.VideoClip),0,0
70.2604053000014,1,3,36.912748435303,50,1150,12,20,0,0,575,-35,new_flash (UnityEngine.VideoClip),0,0
70.5183645000016,1,3,37.1707090353029,50,1150,12,20,0,0,575,-35,new_flash (UnityEngine.VideoClip),0,0
70.7705620000015,1,3,37.4229052353039,50,1150,12,20,0,0,575,-35,new_flash (UnityEngine.VideoClip),0,0
71.0283075000007,1,3,37.6806517353034,50,1150,12,20,0,0,575,-35,new_flash (UnityEngine.VideoClip),0,0
71.2812103000015,1,3,37.933554035304,50,1150,12,20,0,0,575,-35,new_flash (UnityEngine.VideoClip),0,0
71.5364614999999,1,3,38.1888058353034,50,1150,12,20,0,0,575,-35,new_flash (UnityEngine.VideoClip),0,0
71.7920255000008,1,3,38.4443697353036,50,1150,12,20,0,0,575,-35,new_flash (UnityEngine.VideoClip),0,0
72.0441647000007,1,3,38.696508635303,50,1150,12,20,0,0,575,-35,new_flash (UnityEngine.VideoClip),0,0
72.2970536000012,1,3,38.9493970353033,50,1150,12,20,0,0,575,-35,new_flash (UnityEngine.VideoClip),0,0
72.5496853000004,1,3,39.2020292353027,50,1150,12,20,0,0,575,-35,new_flash (UnityEngine.VideoClip),0,0
72.8033377000011,1,3,39.4556810353042,50,1150,12,20,0,0,575,-35,new_flash (UnityEngine.VideoClip),0,0
73.0550389,1,3,39.7073867353029,50,1150,12,20,0,0,575,-35,new_flash (UnityEngine.VideoClip),0,0
73.3093984000006,1,3,39.9617418353027,50,1150,12,20,0,0,575,-35,new_flash (UnityEngine.VideoClip),0,0
73.5606951999998,1,3,40.213038535303,50,1150,12,20,0,0,575,-35,new_flash (UnityEngine.VideoClip),0,0
73.8146295000006,1,3,40.4669730353035,50,1150,12,20,0,0,575,-35,new_flash (UnityEngine.VideoClip),0,0
74.0678484,1,3,40.7201920353036,50,1150,12,20,0,0,575,-35,new_flash (UnityEngine.VideoClip),0,0
74.3219368999999,1,3,40.9742805353035,50,1150,12,20,0,0,575,-35,new_flash (UnityEngine.VideoClip),0,0
74.5773225000012,1,3,41.2296669353036,50,1150,12,20,0,0,575,-35,new_flash (UnityEngine.VideoClip),0,0
74.8281889000009,1,3,41.4805321353033,50,1150,12,20,0,0,575,-35,new_flash (UnityEngine.VideoClip),0,0
75.083232500001,1,3,41.7355755353037,50,1150,12,20,0,0,575,-35,new_flash (UnityEngine.VideoClip),0,0
75.3358681000009,1,3,41.9882131353042,50,1150,12,20,0,0,575,-35,new_flash (UnityEngine.VideoClip),0,0
75.5887563000015,1,3,42.241100035304,50,1150,12,20,0,0,575,-35,new_flash (UnityEngine.VideoClip),0,0
75.8419369000003,1,3,42.494281735304,50,1150,12,20,0,0,575,-35,new_flash (UnityEngine.VideoClip),0,0
76.0958304000014,1,3,42.7481768353027,50,1150,12,20,0,0,575,-35,new_flash (UnityEngine.VideoClip),0,0
76.3485042000011,1,3,43.0008478353029,50,1150,12,20,0,0,575,-35,new_flash (UnityEngine.VideoClip),0,0
76.6031561,1,3,43.2555004353035,50,1150,12,20,0,0,575,-35,new_flash (UnityEngine.VideoClip),0,0
76.8561609000008,1,3,43.5085044353036,50,1150,12,20,0,0,575,-35,new_flash (UnityEngine.VideoClip),0,0
77.1101855000015,1,3,43.7625292353041,50,1150,12,20,0,0,575,-35,new_flash (UnityEngine.VideoClip),0,0
77.3612959000002,1,3,44.013639435303,50,1150,12,20,0,0,575,-35,new_flash (UnityEngine.VideoClip),0,0
77.6160350999999,1,3,44.2683796353031,50,1150,12,20,0,0,575,-35,new_flash (UnityEngine.VideoClip),0,0
77.8671943000008,1,3,44.5195385353036,50,1150,12,20,0,0,575,-35,new_flash (UnityEngine.VideoClip),0,0
78.1181182,1,3,44.7704614353042,50,1150,12,20,0,0,575,-35,new_flash (UnityEngine.VideoClip),0,0
78.3721815000008,1,3,45.0245259353032,50,1150,12,20,0,0,575,-35,new_flash (UnityEngine.VideoClip),0,0
78.6254431000016,1,3,45.277788835303,50,1150,12,20,0,0,575,-35,new_flash (UnityEngine.VideoClip),0,0
78.8766130000004,1,3,45.5289569353026,50,1150,12,20,0,0,575,-35,new_flash (UnityEngine.VideoClip),0,0
79.1316512000012,1,3,45.7839963353035,50,1150,12,20,0,0,575,-35,new_flash (UnityEngine.VideoClip),0,0
79.3865300000016,1,3,46.0388740353028,50,1150,12,20,0,0,575,-35,new_flash (UnityEngine.VideoClip),0,0
79.6390110000011,1,3,46.2913548353026,50,1150,12,20,0,0,575,-35,new_flash (UnityEngine.VideoClip),0,0
79.8926251000012,1,3,46.5449691353042,50,1150,12,20,0,0,575,-35,new_flash (UnityEngine.VideoClip),0,0
80.1456458000011,1,3,46.7979901353028,50,1150,12,20,0,0,575,-35,new_flash (UnityEngine.VideoClip),0,0
80.3966455999998,1,3,47.0489897353036,50,1150,12,20,0,0,575,-35,new_flash (UnityEngine.VideoClip),0,0
81.3192372000012,1,4,5.13937902392718,50,1150,12,20,0,0,575,-35,new_flash (UnityEngine.VideoClip),0,0
81.5714843000005,1,4,5.39162472392672,50,1150,12,20,0,0,575,-35,new_flash (UnityEngine.VideoClip),0,0
81.8252590000011,1,4,5.64540112392569,50,1150,12,20,0,0,575,-35,new_flash (UnityEngine.VideoClip),0,0
82.0820282000004,1,4,5.90217022392608,50,1150,12,20,0,0,575,-35,new_flash (UnityEngine.VideoClip),0,0
82.3332359000015,1,4,6.15337632392584,50,1150,12,20,0,0,575,-35,new_flash (UnityEngine.VideoClip),0,0
82.5844582000009,1,4,6.40459852392632,50,1150,12,20,0,0,575,-35,new_flash (UnityEngine.VideoClip),0,0
82.8374749000013,1,4,6.65761592392664,50,1150,12,20,0,0,575,-35,new_flash (UnityEngine.VideoClip),0,0
83.0914091000013,1,4,6.91154962392648,50,1150,12,20,0,0,575,-35,new_flash (UnityEngine.VideoClip),0,0
83.3444276000009,1,4,7.16456922392717,50,1150,12,20,0,0,575,-35,new_flash (UnityEngine.VideoClip),0,0
83.5998706999999,1,4,7.42001232392613,50,1150,12,20,0,0,575,-35,new_flash (UnityEngine.VideoClip),0,0
83.8525329000004,1,4,7.67267342392734,50,1150,12,20,0,0,575,-35,new_flash (UnityEngine.VideoClip),0,0
84.1037340000003,1,4,7.92387422392676,50,1150,12,20,0,0,575,-35,new_flash (UnityEngine.VideoClip),0,0
84.357590900001,1,4,8.17773162392587,50,1150,12,20,0,0,575,-35,new_flash (UnityEngine.VideoClip),0,0
84.613216400001,1,4,8.43335732392734,50,1150,12,20,0,0,575,-35,new_flash (UnityEngine.VideoClip),0,0
84.8689646000003,1,4,8.68910522392616,50,1150,12,20,0,0,575,-35,new_flash (UnityEngine.VideoClip),0,0
85.1211650000005,1,4,8.94130502392727,50,1150,12,20,0,0,575,-35,new_flash (UnityEngine.VideoClip),0,0
85.3729414000009,1,4,9.19308202392676,50,1150,12,20,0,0,575,-35,new_flash (UnityEngine.VideoClip),0,0
85.6292613000005,1,4,9.44940382392633,50,1150,12,20,0,0,575,-35,new_flash (UnityEngine.VideoClip),0,0
85.8823302000001,1,4,9.70247142392691,50,1150,12,20,0,0,575,-35,new_flash (UnityEngine.VideoClip),0,0
86.1334586000012,1,4,9.95359962392649,50,1150,12,20,0,0,575,-35,new_flash (UnityEngine.VideoClip),0,0
86.3850731000002,1,4,10.2052225239258,50,1150,12,20,0,0,575,-35,new_flash (UnityEngine.VideoClip),0,0
87.9390776,1,5,5.83812412216867,50,1150,12,20,0,0,575,-35,new_flash (UnityEngine.VideoClip),0,0
88.1920590999998,1,5,6.09110262216927,50,1150,12,20,0,0,575,-35,new_flash (UnityEngine.VideoClip),0,0
88.4460745000015,1,5,6.34512062216891,50,1150,12,20,0,0,575,-35,new_flash (UnityEngine.VideoClip),0,0
88.6988731000001,1,5,6.5979176221681,50,1150,12,20,0,0,575,-35,new_flash (UnityEngine.VideoClip),0,0
88.9509187000003,1,5,6.84996262216919,50,1150,12,20,0,0,575,-35,new_flash (UnityEngine.VideoClip),0,0
89.2018521000009,1,5,7.10089562216854,50,1150,12,20,0,0,575,-35,new_flash (UnityEngine.VideoClip),0,0
89.4530543000001,1,5,7.3520985221694,50,1150,12,20,0,0,575,-35,new_flash (UnityEngine.VideoClip),0,0
89.7067566000005,1,5,7.60580162216866,50,1150,12,20,0,0,575,-35,new_flash (UnityEngine.VideoClip),0,0
89.959675600001,1,5,7.85871942216909,50,1150,12,20,0,0,575,-35,new_flash (UnityEngine.VideoClip),0,0
90.2123464000015,1,5,8.11139182216903,50,1150,12,20,0,0,575,-35,new_flash (UnityEngine.VideoClip),0,0
90.4636065000013,1,5,8.3626499221682,50,1150,12,20,0,0,575,-35,new_flash (UnityEngine.VideoClip),0,0
90.7163331000011,1,5,8.6153768221684,50,1150,12,20,0,0,575,-35,new_flash (UnityEngine.VideoClip),0,0
90.9696123000012,1,5,8.86865672216845,50,1150,12,20,0,0,575,-35,new_flash (UnityEngine.VideoClip),0,0
91.2223119999999,1,5,9.12135632216814,50,1150,12,20,0,0,575,-35,new_flash (UnityEngine.VideoClip),0,0
92.1290175000013,1,6,5.04041501191386,50,1150,12,20,0,0,575,-35,new_flash (UnityEngine.VideoClip),0,0
92.3814550000006,1,6,5.29285071191407,50,1150,12,20,0,0,575,-35,new_flash (UnityEngine.VideoClip),0,0
92.6330664000016,1,6,5.54446241191545,50,1150,12,20,0,0,575,-35,new_flash (UnityEngine.VideoClip),0,0
92.8869691,1,6,5.79836491191418,50,1150,12,20,0,0,575,-35,new_flash (UnityEngine.VideoClip),0,0
93.1382513000008,1,6,6.04964691191526,50,1150,12,20,0,0,575,-35,new_flash (UnityEngine.VideoClip),0,0
93.3915142000005,1,6,6.30291451191442,50,1150,12,20,0,0,575,-35,new_flash (UnityEngine.VideoClip),0,0
93.6454912000008,1,6,6.55688991191528,50,1150,12,20,0,0,575,-35,new_flash (UnityEngine.VideoClip),0,0
94.2091567000007,1,7,4.9314137920901,50,1150,12,20,0,0,575,-35,new_flash (UnityEngine.VideoClip),0,0
94.4604839000003,1,7,5.18273929209136,50,1150,12,20,0,0,575,-35,new_flash (UnityEngine.VideoClip),0,0
94.7150540000002,1,7,5.43730939209127,50,1150,12,20,0,0,575,-35,new_flash (UnityEngine.VideoClip),0,0
94.9678715000009,1,7,5.69012729209135,50,1150,12,20,0,0,575,-35,new_flash (UnityEngine.VideoClip),0,0
95.2219729000008,1,7,5.94423209208981,50,1150,12,20,0,0,575,-35,new_flash (UnityEngine.VideoClip),0,0
95.4736016000006,1,7,6.1958572920903,50,1150,12,20,0,0,575,-35,new_flash (UnityEngine.VideoClip),0,0
96.2499081000005,2,0,5.04136330048823,199,1983,10,6,-1945,469,575,-34,new_flash (UnityEngine.VideoClip),0,0
96.5009660000014,2,0,5.29242200048975,199,1983,10,6,-1945,469,575,-34,new_flash (UnityEngine.VideoClip),0,0
96.7522804,2,0,5.54373530048906,199,1983,10,6,-1945,469,575,-34,new_flash (UnityEngine.VideoClip),0,0
97.0039050000014,2,0,5.79536000048938,199,1983,10,6,-1945,469,575,-34,new_flash (UnityEngine.VideoClip),0,0
97.2561747,2,0,6.04762890048914,199,1983,10,6,-1945,469,575,-34,new_flash (UnityEngine.VideoClip),0,0
97.5079026000003,2,0,6.29935670048872,199,1983,10,6,-1945,469,575,-34,new_flash (UnityEngine.VideoClip),0,0
98.2039681000006,2,1,4.99141013896588,199,1983,10,6,-1945,469,575,-34,new_flash (UnityEngine.VideoClip),0,0
98.4643775000004,2,1,5.25181963896466,199,1983,10,6,-1945,469,575,-34,new_flash (UnityEngine.VideoClip),0,0
98.7189787000007,2,1,5.50641973896563,199,1983,10,6,-1945,469,575,-34,new_flash (UnityEngine.VideoClip),0,0
98.9725591000006,2,1,5.76000063896572,199,1983,10,6,-1945,469,575,-34,new_flash (UnityEngine.VideoClip),0,0
99.2246685000009,2,1,6.012110138965,199,1983,10,6,-1945,469,575,-34,new_flash (UnityEngine.VideoClip),0,0
99.477618500001,2,1,6.26505943896518,199,1983,10,6,-1945,469,575,-34,new_flash (UnityEngine.VideoClip),0,0
99.7312123000011,2,1,6.51865343896498,199,1983,10,6,-1945,469,575,-34,new_flash (UnityEngine.VideoClip),0,0
99.9859144000002,2,1,6.77335583896638,199,1983,10,6,-1945,469,575,-34,new_flash (UnityEngine.VideoClip),0,0
106.474912000001,2,2,10.810044054786,199,1983,10,6,-1945,469,575,-34,new_flash (UnityEngine.VideoClip),0,0
106.727677300001,2,2,11.0628093547857,199,1983,10,6,-1945,469,575,-34,new_flash (UnityEngine.VideoClip),0,0
106.980641600001,2,2,11.3157663547863,199,1983,10,6,-1945,469,575,-34,new_flash (UnityEngine.VideoClip),0,0
107.233623200002,2,2,11.5687500547865,199,1983,10,6,-1945,469,575,-34,new_flash (UnityEngine.VideoClip),0,0
107.486004400002,2,2,11.8211298547867,199,1983,10,6,-1945,469,575,-34,new_flash (UnityEngine.VideoClip),0,0
107.739682700001,2,2,12.0748079547866,199,1983,10,6,-1945,469,575,-34,new_flash (UnityEngine.VideoClip),0,0
108.469399700001,2,3,5.03110391357404,199,1983,10,6,-1945,469,575,-34,new_flash (UnityEngine.VideoClip),0,0
108.723579000001,2,3,5.2852823135745,199,1983,10,6,-1945,469,575,-34,new_flash (UnityEngine.VideoClip),0,0
108.976020300001,2,3,5.5377234135758,199,1983,10,6,-1945,469,575,-34,new_flash (UnityEngine.VideoClip),0,0
109.230884600001,2,3,5.79258901357571,199,1983,10,6,-1945,469,575,-34,new_flash (UnityEngine.VideoClip),0,0
109.4858898,2,3,6.0475927135758,199,1983,10,6,-1945,469,575,-34,new_flash (UnityEngine.VideoClip),0,0
110.241657800001,2,4,4.97812845410226,199,1983,10,6,-1945,469,575,-34,new_flash (UnityEngine.VideoClip),0,0
110.493474500001,2,4,5.22994335410294,199,1983,10,6,-1945,469,575,-34,new_flash (UnityEngine.VideoClip),0,0
110.7474289,2,4,5.48389775410214,199,1983,10,6,-1945,469,575,-34,new_flash (UnityEngine.VideoClip),0,0
111.0014785,2,4,5.73794875410204,199,1983,10,6,-1945,469,575,-34,new_flash (UnityEngine.VideoClip),0,0
111.254660500001,2,4,5.99112925410191,199,1983,10,6,-1945,469,575,-34,new_flash (UnityEngine.VideoClip),0,0
112.088538800001,2,5,5.10437419365371,199,1983,10,6,-1945,469,575,-34,new_flash (UnityEngine.VideoClip),0,0
112.3416698,2,5,5.35750449365332,199,1983,10,6,-1945,469,575,-34,new_flash (UnityEngine.VideoClip),0,0
112.595239800001,2,5,5.61107429365256,199,1983,10,6,-1945,469,575,-34,new_flash (UnityEngine.VideoClip),0,0
112.848997700001,2,5,5.86483319365288,199,1983,10,6,-1945,469,575,-34,new_flash (UnityEngine.VideoClip),0,0
113.101274100001,2,5,6.11710979365307,199,1983,10,6,-1945,469,575,-34,new_flash (UnityEngine.VideoClip),0,0
113.3569785,2,5,6.37281689365227,199,1983,10,6,-1945,469,575,-34,new_flash (UnityEngine.VideoClip),0,0
113.6105929,2,5,6.62642829365359,199,1983,10,6,-1945,469,575,-34,new_flash (UnityEngine.VideoClip),0,0
113.862020300001,2,5,6.87785719365274,199,1983,10,6,-1945,469,575,-34,new_flash (UnityEngine.VideoClip),0,0
114.1155533,2,5,7.13138859365245,199,1983,10,6,-1945,469,575,-34,new_flash (UnityEngine.VideoClip),0,0
114.366675400001,2,5,7.38250989365224,199,1983,10,6,-1945,469,575,-34,new_flash (UnityEngine.VideoClip),0,0
115.2353267,2,6,5.20803402636739,199,1983,10,6,-1945,469,575,-34,new_flash (UnityEngine.VideoClip),0,0
115.488476600001,2,6,5.46118522636789,199,1983,10,6,-1945,469,575,-34,new_flash (UnityEngine.VideoClip),0,0
115.742006600001,2,6,5.71471282636776,199,1983,10,6,-1945,469,575,-34,new_flash (UnityEngine.VideoClip),0,0
115.995771900001,2,6,5.96847842636816,199,1983,10,6,-1945,469,575,-34,new_flash (UnityEngine.VideoClip),0,0
116.247820100001,2,6,6.22052572636858,199,1983,10,6,-1945,469,575,-34,new_flash (UnityEngine.VideoClip),0,0
116.4988125,2,6,6.4715181263673,199,1983,10,6,-1945,469,575,-34,new_flash (UnityEngine.VideoClip),0,0
117.331897200002,2,7,5.01781358593871,199,1983,10,6,-1945,469,575,-34,new_flash (UnityEngine.VideoClip),0,0
117.584056900001,2,7,5.26997418593783,199,1983,10,6,-1945,469,575,-34,new_flash (UnityEngine.VideoClip),0,0
117.8350938,2,7,5.52101018593748,199,1983,10,6,-1945,469,575,-34,new_flash (UnityEngine.VideoClip),0,0
118.0899981,2,7,5.77591468593891,199,1983,10,6,-1945,469,575,-34,new_flash (UnityEngine.VideoClip),0,0
118.342041200001,2,7,6.02795778593827,199,1983,10,6,-1945,469,575,-34,new_flash (UnityEngine.VideoClip),0,0
118.594685600001,2,7,6.28060178593842,199,1983,10,6,-1945,469,575,-34,new_flash (UnityEngine.VideoClip),0,0
119.378968200001,3,0,5.02073497978563,300,1000,12,20,0,0,575,45,new_flash (UnityEngine.VideoClip),0,0
119.632851800001,3,0,5.27461707978546,300,1000,12,20,0,0,575,45,new_flash (UnityEngine.VideoClip),0,0
119.887615000001,3,0,5.52938107978662,300,1000,12,20,0,0,575,45,new_flash (UnityEngine.VideoClip),0,0
120.139491400001,3,0,5.78125777978676,300,1000,12,20,0,0,575,45,new_flash (UnityEngine.VideoClip),0,0
120.391850900001,3,0,6.03361627978666,300,1000,12,20,0,0,575,45,new_flash (UnityEngine.VideoClip),0,0
120.644174800002,3,0,6.2859406797852,300,1000,12,20,0,0,575,45,new_flash (UnityEngine.VideoClip),0,0
120.8968709,3,0,6.53863587978594,300,1000,12,20,0,0,575,45,new_flash (UnityEngine.VideoClip),0,0
121.151167100001,3,0,6.79293197978586,300,1000,12,20,0,0,575,45,new_flash (UnityEngine.VideoClip),0,0
121.405571000001,3,0,7.04733667978508,300,1000,12,20,0,0,575,45,new_flash (UnityEngine.VideoClip),0,0
121.66012,3,0,7.30188647978503,300,1000,12,20,0,0,575,45,new_flash (UnityEngine.VideoClip),0,0
121.9117733,3,0,7.55353867978556,300,1000,12,20,0,0,575,45,new_flash (UnityEngine.VideoClip),0,0
122.1666489,3,0,7.80841707978652,300,1000,12,20,0,0,575,45,new_flash (UnityEngine.VideoClip),0,0
122.423685600001,3,0,8.06545097978596,300,1000,12,20,0,0,575,45,new_flash (UnityEngine.VideoClip),0,0
122.681864,3,0,8.32362907978495,300,1000,12,20,0,0,575,45,new_flash (UnityEngine.VideoClip),0,0
122.932804600001,3,0,8.57457007978519,300,1000,12,20,0,0,575,45,new_flash (UnityEngine.VideoClip),0,0
123.185960100001,3,0,8.82772957978523,300,1000,12,20,0,0,575,45,new_flash (UnityEngine.VideoClip),0,0
123.442957000001,3,0,9.08472297978551,300,1000,12,20,0,0,575,45,new_flash (UnityEngine.VideoClip),0,0
123.698002500001,3,0,9.33977097978641,300,1000,12,20,0,0,575,45,new_flash (UnityEngine.VideoClip),0,0
123.951848500001,3,0,9.59361477978564,300,1000,12,20,0,0,575,45,new_flash (UnityEngine.VideoClip),0,0
124.203506900001,3,0,9.84527327978503,300,1000,12,20,0,0,575,45,new_flash (UnityEngine.VideoClip),0,0
125.0560993,3,1,5.00359930683589,300,1000,12,20,0,0,575,45,new_flash (UnityEngine.VideoClip),0,0
125.314837200001,3,1,5.2623374068371,300,1000,12,20,0,0,575,45,new_flash (UnityEngine.VideoClip),0,0
125.5679614,3,1,5.51546000683629,300,1000,12,20,0,0,575,45,new_flash (UnityEngine.VideoClip),0,0
125.823592800001,3,1,5.7710927068365,300,1000,12,20,0,0,575,45,new_flash (UnityEngine.VideoClip),0,0
126.0782497,3,1,6.02574940683735,300,1000,12,20,0,0,575,45,new_flash (UnityEngine.VideoClip),0,0
126.330178,3,1,6.27767600683728,300,1000,12,20,0,0,575,45,new_flash (UnityEngine.VideoClip),0,0
127.196978,3,2,5.0201645523448,300,1000,12,20,0,0,575,45,new_flash (UnityEngine.VideoClip),0,0
127.452855000001,3,2,5.27604065234482,300,1000,12,20,0,0,575,45,new_flash (UnityEngine.VideoClip),0,0
127.707003900001,3,2,5.53018885234451,300,1000,12,20,0,0,575,45,new_flash (UnityEngine.VideoClip),0,0
127.962260800001,3,2,5.78544835234425,300,1000,12,20,0,0,575,45,new_flash (UnityEngine.VideoClip),0,0
128.216137900001,3,2,6.03932305234412,300,1000,12,20,0,0,575,45,new_flash (UnityEngine.VideoClip),0,0
128.467430500001,3,2,6.29061595234452,300,1000,12,20,0,0,575,45,new_flash (UnityEngine.VideoClip),0,0
129.1513978,3,3,4.99841095146621,300,1000,12,20,0,0,575,45,new_flash (UnityEngine.VideoClip),0,0
129.403126000001,3,3,5.25013905146625,300,1000,12,20,0,0,575,45,new_flash (UnityEngine.VideoClip),0,0
129.654352000001,3,3,5.5013647514661,300,1000,12,20,0,0,575,45,new_flash (UnityEngine.VideoClip),0,0
129.907160500001,3,3,5.75417325146555,300,1000,12,20,0,0,575,45,new_flash (UnityEngine.VideoClip),0,0
130.162614800001,3,3,6.00963295146539,300,1000,12,20,0,0,575,45,new_flash (UnityEngine.VideoClip),0,0
130.8763187,3,4,4.92567945322298,300,1000,12,20,0,0,575,45,new_flash (UnityEngine.VideoClip),0,0
131.129898900001,3,4,5.17925705322341,300,1000,12,20,0,0,575,45,new_flash (UnityEngine.VideoClip),0,0
131.3820244,3,4,5.43138285322311,300,1000,12,20,0,0,575,45,new_flash (UnityEngine.VideoClip),0,0
131.636571500001,3,4,5.68593005322327,300,1000,12,20,0,0,575,45,new_flash (UnityEngine.VideoClip),0,0
131.889498100001,3,4,5.93885675322417,300,1000,12,20,0,0,575,45,new_flash (UnityEngine.VideoClip),0,0
132.1432506,3,4,6.19260845322424,300,1000,12,20,0,0,575,45,new_flash (UnityEngine.VideoClip),0,0
132.397597200001,3,4,6.44695645322281,300,1000,12,20,0,0,575,45,new_flash (UnityEngine.VideoClip),0,0
132.6517415,3,4,6.70109975322339,300,1000,12,20,0,0,575,45,new_flash (UnityEngine.VideoClip),0,0
132.9059139,3,4,6.95527305322321,300,1000,12,20,0,0,575,45,new_flash (UnityEngine.VideoClip),0,0
133.1579294,3,4,7.20728785322353,300,1000,12,20,0,0,575,45,new_flash (UnityEngine.VideoClip),0,0
133.4099059,3,4,7.45926385322309,300,1000,12,20,0,0,575,45,new_flash (UnityEngine.VideoClip),0,0
133.6634366,3,4,7.71279445322398,300,1000,12,20,0,0,575,45,new_flash (UnityEngine.VideoClip),0,0
133.9155395,3,4,7.96489865322292,300,1000,12,20,0,0,575,45,new_flash (UnityEngine.VideoClip),0,0
134.166422800001,3,4,8.21578095322366,300,1000,12,20,0,0,575,45,new_flash (UnityEngine.VideoClip),0,0
134.420979100001,3,4,8.47033725322399,300,1000,12,20,0,0,575,45,new_flash (UnityEngine.VideoClip),0,0
134.675594400002,3,4,8.72495375322251,300,1000,12,20,0,0,575,45,new_flash (UnityEngine.VideoClip),0,0
134.9279969,3,4,8.97735545322394,300,1000,12,20,0,0,575,45,new_flash (UnityEngine.VideoClip),0,0
135.181007200001,3,4,9.23036525322277,300,1000,12,20,0,0,575,45,new_flash (UnityEngine.VideoClip),0,0
135.4359829,3,4,9.48534345322332,300,1000,12,20,0,0,575,45,new_flash (UnityEngine.VideoClip),0,0
135.689539500001,3,4,9.73889865322417,300,1000,12,20,0,0,575,45,new_flash (UnityEngine.VideoClip),0,0
135.940521100001,3,4,9.98987975322416,300,1000,12,20,0,0,575,45,new_flash (UnityEngine.VideoClip),0,0
136.195342500001,3,4,10.244701253223,300,1000,12,20,0,0,575,45,new_flash (UnityEngine.VideoClip),0,0
136.4498592,3,4,10.4992171532231,300,1000,12,20,0,0,575,45,new_flash (UnityEngine.VideoClip),0,0
136.704942100001,3,4,10.754317953224,300,1000,12,20,0,0,575,45,new_flash (UnityEngine.VideoClip),0,0
136.956564,3,4,11.005922653223,300,1000,12,20,0,0,575,45,new_flash (UnityEngine.VideoClip),0,0
137.2080391,3,4,11.2573972532227,300,1000,12,20,0,0,575,45,new_flash (UnityEngine.VideoClip),0,0
137.459972500001,3,4,11.5093308532232,300,1000,12,20,0,0,575,45,new_flash (UnityEngine.VideoClip),0,0
137.712183200001,3,4,11.7615484532234,300,1000,12,20,0,0,575,45,new_flash (UnityEngine.VideoClip),0,0
137.966705000001,3,4,12.0160648532237,300,1000,12,20,0,0,575,45,new_flash (UnityEngine.VideoClip),0,0
138.219259000001,3,4,12.2686179532229,300,1000,12,20,0,0,575,45,new_flash (UnityEngine.VideoClip),0,0
138.4760391,3,4,12.5254010532226,300,1000,12,20,0,0,575,45,new_flash (UnityEngine.VideoClip),0,0
138.730612500001,3,4,12.7799711532225,300,1000,12,20,0,0,575,45,new_flash (UnityEngine.VideoClip),0,0
138.9846471,3,4,13.0340054532226,300,1000,12,20,0,0,575,45,new_flash (UnityEngine.VideoClip),0,0
139.235688300001,3,4,13.2850472532227,300,1000,12,20,0,0,575,45,new_flash (UnityEngine.VideoClip),0,0
139.487090600001,3,4,13.5364507532231,300,1000,12,20,0,0,575,45,new_flash (UnityEngine.VideoClip),0,0
139.741123600001,3,4,13.790481453223,300,1000,12,20,0,0,575,45,new_flash (UnityEngine.VideoClip),0,0
139.994659,3,4,14.0440174532232,300,1000,12,20,0,0,575,45,new_flash (UnityEngine.VideoClip),0,0
140.246800000001,3,4,14.2961579532239,300,1000,12,20,0,0,575,45,new_flash (UnityEngine.VideoClip),0,0
140.498983000001,3,4,14.5483413532238,300,1000,12,20,0,0,575,45,new_flash (UnityEngine.VideoClip),0,0
140.749982200001,3,4,14.7993409532228,300,1000,12,20,0,0,575,45,new_flash (UnityEngine.VideoClip),0,0
141.003678000001,3,4,15.0530364532242,300,1000,12,20,0,0,575,45,new_flash (UnityEngine.VideoClip),0,0
141.256817700001,3,4,15.3061754532227,300,1000,12,20,0,0,575,45,new_flash (UnityEngine.VideoClip),0,0
141.512514200002,3,4,15.561876953223,300,1000,12,20,0,0,575,45,new_flash (UnityEngine.VideoClip),0,0
141.7651969,3,4,15.8145567532229,300,1000,12,20,0,0,575,45,new_flash (UnityEngine.VideoClip),0,0
142.0162382,3,4,16.0655968532228,300,1000,12,20,0,0,575,45,new_flash (UnityEngine.VideoClip),0,0
7.48728960000153,0,0,7.48791690000144,300,1000,10,6,0,0,575,0,new_flash (UnityEngine.VideoClip),0,0
7.73977880000166,0,0,7.73978190000162,300,1000,10,6,0,0,575,0,new_flash (UnityEngine.VideoClip),0,0
7.99139640000067,0,0,7.9914002000005,300,1000,10,6,0,0,575,0,new_flash (UnityEngine.VideoClip),0,0
8.24299260000043,0,0,8.24299690000043,300,1000,10,6,0,0,575,0,new_flash (UnityEngine.VideoClip),0,0
8.49654080000073,0,0,8.49654440000086,300,1000,10,6,0,0,575,0,new_flash (UnityEngine.VideoClip),0,0
8.75104550000106,0,0,8.75105090000034,300,1000,10,6,0,0,575,0,new_flash (UnityEngine.VideoClip),0,0
9.48530150000079,0,1,9.48530570000003,300,1000,10,6,0,0,575,0,new_flash (UnityEngine.VideoClip),0,0
9.73637490000146,0,1,9.73637920000147,300,1000,10,6,0,0,575,0,new_flash (UnityEngine.VideoClip),0,0
9.98736610000014,0,1,9.98736970000027,300,1000,10,6,0,0,575,0,new_flash (UnityEngine.VideoClip),0,0
10.2414033000005,0,1,10.2414097000001,300,1000,10,6,0,0,575,0,new_flash (UnityEngine.VideoClip),0,0
10.4946942000006,0,1,10.4946982000001,300,1000,10,6,0,0,575,0,new_flash (UnityEngine.VideoClip),0,0
11.0514983000012,0,2,11.051502100001,300,1000,10,6,0,0,575,0,new_flash (UnityEngine.VideoClip),0,0
11.3032485000003,0,2,11.3032517000011,300,1000,10,6,0,0,575,0,new_flash (UnityEngine.VideoClip),0,0
11.5544349000011,0,2,11.5544392000011,300,1000,10,6,0,0,575,0,new_flash (UnityEngine.VideoClip),0,0
11.8078483000008,0,2,11.8078521000007,300,1000,10,6,0,0,575,0,new_flash (UnityEngine.VideoClip),0,0
12.0604299000006,0,2,12.0604329000016,300,1000,10,6,0,0,575,0,new_flash (UnityEngine.VideoClip),0,0
20.3203133000006,0,0,20.3203723000006,300,1000,10,6,0,0,575,0,new_flash (UnityEngine.VideoClip),0,0
20.5714834000009,0,0,20.5714866000017,300,1000,10,6,0,0,575,0,new_flash (UnityEngine.VideoClip),0,0
20.8224930000015,0,0,20.8224960000007,300,1000,10,6,0,0,575,0,new_flash (UnityEngine.VideoClip),0,0
21.0751603000008,0,0,21.0751638000002,300,1000,10,6,0,0,575,0,new_flash (UnityEngine.VideoClip),0,0
21.3295025000007,0,0,21.3295061000008,300,1000,10,6,0,0,575,0,new_flash (UnityEngine.VideoClip),0,0
21.5827752000005,0,0,21.5827790000003,300,1000,10,6,0,0,575,0,new_flash (UnityEngine.VideoClip),0,0
21.8354335000004,0,0,21.8354384000013,300,1000,10,6,0,0,575,0,new_flash (UnityEngine.VideoClip),0,0
22.0871426000012,0,0,22.0871464000011,300,1000,10,6,0,0,575,0,new_flash (UnityEngine.VideoClip),0,0
22.3414498000002,0,0,22.3414537000008,300,1000,10,6,0,0,575,0,new_flash (UnityEngine.VideoClip),0,0
22.5947684000002,0,0,22.5947716999999,300,1000,10,6,0,0,575,0,new_flash (UnityEngine.VideoClip),0,0
22.8471130000016,0,0,22.8471198000007,300,1000,10,6,0,0,575,0,new_flash (UnityEngine.VideoClip),0,0
23.1009334000009,0,0,23.1009369000003,300,1000,10,6,0,0,575,0,new_flash (UnityEngine.VideoClip),0,0
23.3542493000004,0,0,23.3542541000006,300,1000,10,6,0,0,575,0,new_flash (UnityEngine.VideoClip),0,0
23.6069599000002,0,0,23.6069635000003,300,1000,10,6,0,0,575,0,new_flash (UnityEngine.VideoClip),0,0
23.862599,0,0,23.8626038000002,300,1000,10,6,0,0,575,0,new_flash (UnityEngine.VideoClip),0,0
24.1141746000012,0,0,24.1141793000006,300,1000,10,6,0,0,575,0,new_flash (UnityEngine.VideoClip),0,0
24.3697548,0,0,24.3697589000003,300,1000,10,6,0,0,575,0,new_flash (UnityEngine.VideoClip),0,0
24.6252479000013,0,0,24.6252522000013,300,1000,10,6,0,0,575,0,new_flash (UnityEngine.VideoClip),0,0
24.877787200001,0,0,24.8777925000013,300,1000,10,6,0,0,575,0,new_flash (UnityEngine.VideoClip),0,0
25.1314838000017,0,0,25.1314883000014,300,1000,10,6,0,0,575,0,new_flash (UnityEngine.VideoClip),0,0
25.3851633000013,0,0,25.3851682000004,300,1000,10,6,0,0,575,0,new_flash (UnityEngine.VideoClip),0,0
25.6360407000011,0,0,25.6360444000002,300,1000,10,6,0,0,575,0,new_flash (UnityEngine.VideoClip),0,0
25.8895634,0,0,25.8895686000014,300,1000,10,6,0,0,575,0,new_flash (UnityEngine.VideoClip),0,0
26.1451370000013,0,0,26.1451403999999,300,1000,10,6,0,0,575,0,new_flash (UnityEngine.VideoClip),0,0
26.399814800001,0,0,26.3998177000012,300,1000,10,6,0,0,575,0,new_flash (UnityEngine.VideoClip),0,0
26.6525766000013,0,0,26.6525801000007,300,1000,10,6,0,0,575,0,new_flash (UnityEngine.VideoClip),0,0
26.9072953000014,0,0,26.9072991000012,300,1000,10,6,0,0,575,0,new_flash (UnityEngine.VideoClip),0,0
27.1596652000007,0,0,27.1596690000006,300,1000,10,6,0,0,575,0,new_flash (UnityEngine.VideoClip),0,0
27.4119546000002,0,0,27.4119585000008,300,1000,10,6,0,0,575,0,new_flash (UnityEngine.VideoClip),0,0
27.6646804000011,0,0,27.6646841000002,300,1000,10,6,0,0,575,0,new_flash (UnityEngine.VideoClip),0,0
27.9168760000011,0,0,27.9168795000005,300,1000,10,6,0,0,575,0,new_flash (UnityEngine.VideoClip),0,0
28.1698967000011,0,0,28.1698999,300,1000,10,6,0,0,575,0,new_flash (UnityEngine.VideoClip),0,0
28.423629500001,0,0,28.4236330000003,300,1000,10,6,0,0,575,0,new_flash (UnityEngine.VideoClip),0,0
28.6750388,0,0,28.6750428000014,300,1000,10,6,0,0,575,0,new_flash (UnityEngine.VideoClip),0,0
28.9293522000007,0,0,28.9293561000013,300,1000,10,6,0,0,575,0,new_flash (UnityEngine.VideoClip),0,0
6.61151849999987,0,0,6.61166519999824,300,1000,10,6,0,0,575,0,new_flash (UnityEngine.VideoClip),0,0
6.86425549999876,0,0,6.86425889999919,300,1000,10,6,0,0,575,0,new_flash (UnityEngine.VideoClip),0,0
7.11828019999848,0,0,7.1182835999989,300,1000,10,6,0,0,575,0,new_flash (UnityEngine.VideoClip),0,0
7.37453119999918,0,0,7.37453579999965,300,1000,10,6,0,0,575,0,new_flash (UnityEngine.VideoClip),0,0
7.6268455999998,0,0,7.62685489999967,300,1000,10,6,0,0,575,0,new_flash (UnityEngine.VideoClip),0,0
7.87909909999871,0,0,7.87910329999977,300,1000,10,6,0,0,575,0,new_flash (UnityEngine.VideoClip),0,0
8.13227499999994,0,0,8.13227819999884,300,1000,10,6,0,0,575,0,new_flash (UnityEngine.VideoClip),0,0
9.01046449999922,0,1,9.01046899999892,300,1000,10,6,0,0,575,0,new_flash (UnityEngine.VideoClip),0,0
9.26157749999948,0,1,9.26158329999998,300,1000,10,6,0,0,575,0,new_flash (UnityEngine.VideoClip),0,0
9.52223429999867,0,1,9.52224039999965,300,1000,10,6,0,0,575,0,new_flash (UnityEngine.VideoClip),0,0
9.77575269999943,0,1,9.77575679999973,300,1000,10,6,0,0,575,0,new_flash (UnityEngine.VideoClip),0,0
10.0279023999992,0,1,10.0279062999998,300,1000,10,6,0,0,575,0,new_flash (UnityEngine.VideoClip),0,0
10.5969990999984,0,2,10.5970024999988,300,1000,10,6,0,0,575,0,new_flash (UnityEngine.VideoClip),0,0
10.8514293999997,0,2,10.8514381999994,300,1000,10,6,0,0,575,0,new_flash (UnityEngine.VideoClip),0,0
11.1046427999991,0,2,11.1046481999983,300,1000,10,6,0,0,575,0,new_flash (UnityEngine.VideoClip),0,0
11.3592993999991,0,2,11.359303199999,300,1000,10,6,0,0,575,0,new_flash (UnityEngine.VideoClip),0,0
11.6114407999994,0,2,11.6114453999999,300,1000,10,6,0,0,575,0,new_flash (UnityEngine.VideoClip),0,0
18.4013770999991,0,0,18.4013827999988,300,1000,10,6,0,0,575,0,new_flash (UnityEngine.VideoClip),0,0
18.6558278999983,0,0,18.6558327999992,300,1000,10,6,0,0,575,0,new_flash (UnityEngine.VideoClip),0,0
18.9073254999985,0,0,18.9073290999986,300,1000,10,6,0,0,575,0,new_flash (UnityEngine.VideoClip),0,0
19.1616187999989,0,0,19.1616225999987,300,1000,10,6,0,0,575,0,new_flash (UnityEngine.VideoClip),0,0
19.4134724999985,0,0,19.4134767999985,300,1000,10,6,0,0,575,0,new_flash (UnityEngine.VideoClip),0,0
19.6662539999998,0,0,19.6662574999991,300,1000,10,6,0,0,575,0,new_flash (UnityEngine.VideoClip),0,0
19.9171453999988,0,0,19.9171490999997,300,1000,10,6,0,0,575,0,new_flash (UnityEngine.VideoClip),0,0
20.6995171999988,0,1,5.42352463078532,300,1000,10,6,0,0,575,0,new_flash (UnityEngine.VideoClip),0,0
20.9518001999986,0,1,5.67580623078538,300,1000,10,6,0,0,575,0,new_flash (UnityEngine.VideoClip),0,0
21.2070950999987,0,1,5.9311049307853,300,1000,10,6,0,0,575,0,new_flash (UnityEngine.VideoClip),0,0
21.4589829999986,0,1,6.18299223078611,300,1000,10,6,0,0,575,0,new_flash (UnityEngine.VideoClip),0,0
21.7128630999996,0,1,6.43686753078509,300,1000,10,6,0,0,575,0,new_flash (UnityEngine.VideoClip),0,0
21.9683647999991,0,1,6.69236953078507,300,1000,10,6,0,0,575,0,new_flash (UnityEngine.VideoClip),0,0
22.6599983999986,0,2,5.31487398693753,300,1000,10,6,0,0,575,0,new_flash (UnityEngine.VideoClip),0,0
22.910951599999,0,2,5.56582618693756,300,1000,10,6,0,0,575,0,new_flash (UnityEngine.VideoClip),0,0
23.1635355999988,0,2,5.8184103869371,300,1000,10,6,0,0,575,0,new_flash (UnityEngine.VideoClip),0,0
23.4179749999985,0,2,6.07284958693708,300,1000,10,6,0,0,575,0,new_flash (UnityEngine.VideoClip),0,0
23.6735575999992,0,2,6.3284325869372,300,1000,10,6,0,0,575,0,new_flash (UnityEngine.VideoClip),0,0
24.3706680999985,0,3,5.35038242524388,300,1000,10,6,0,0,575,0,new_flash (UnityEngine.VideoClip),0,0
24.6216987999996,0,3,5.60141182524239,300,1000,10,6,0,0,575,0,new_flash (UnityEngine.VideoClip),0,0
24.8728818999989,0,3,5.85259612524351,300,1000,10,6,0,0,575,0,new_flash (UnityEngine.VideoClip),0,0
25.1258378999992,0,3,6.10555182524331,300,1000,10,6,0,0,575,0,new_flash (UnityEngine.VideoClip),0,0
25.3817295999997,0,3,6.36144262524249,300,1000,10,6,0,0,575,0,new_flash (UnityEngine.VideoClip),0,0
26.0773333999987,0,4,5.31651058180978,300,1000,10,6,0,0,575,0,new_flash (UnityEngine.VideoClip),0,0
26.3296172999999,0,4,5.56879318181018,300,1000,10,6,0,0,575,0,new_flash (UnityEngine.VideoClip),0,0
26.5819065999985,0,4,5.82108208181126,300,1000,10,6,0,0,575,0,new_flash (UnityEngine.VideoClip),0,0
26.8350980999985,0,4,6.07427638181071,300,1000,10,6,0,0,575,0,new_flash (UnityEngine.VideoClip),0,0
27.5515251999987,0,5,5.28249004594727,300,1000,10,6,0,0,575,0,new_flash (UnityEngine.VideoClip),0,0
27.8047010999999,0,5,5.53566644594684,300,1000,10,6,0,0,575,0,new_flash (UnityEngine.VideoClip),0,0
28.0564755999985,0,5,5.78744104594625,300,1000,10,6,0,0,575,0,new_flash (UnityEngine.VideoClip),0,0
28.3094718999982,0,5,6.04043934594665,300,1000,10,6,0,0,575,0,new_flash (UnityEngine.VideoClip),0,0
29.1532920999998,0,6,5.27913483339762,300,1000,10,6,0,0,575,0,new_flash (UnityEngine.VideoClip),0,0
29.4092099999998,0,6,5.53505433339706,300,1000,10,6,0,0,575,0,new_flash (UnityEngine.VideoClip),0,0
29.6629860999983,0,6,5.78882943339704,300,1000,10,6,0,0,575,0,new_flash (UnityEngine.VideoClip),0,0
29.9179599999989,0,6,6.04380513339675,300,1000,10,6,0,0,575,0,new_flash (UnityEngine.VideoClip),0,0
30.1726173999996,0,6,6.2984618333976,300,1000,10,6,0,0,575,0,new_flash (UnityEngine.VideoClip),0,0
30.7972292999984,0,7,5.25783279929055,300,1000,10,6,0,0,575,0,new_flash (UnityEngine.VideoClip),0,0
31.0486111999999,0,7,5.5092152992911,300,1000,10,6,0,0,575,0,new_flash (UnityEngine.VideoClip),0,0
31.2998023,0,7,5.76040679929065,300,1000,10,6,0,0,575,0,new_flash (UnityEngine.VideoClip),0,0
31.5543226999998,0,7,6.0149277992914,300,1000,10,6,0,0,575,0,new_flash (UnityEngine.VideoClip),0,0
31.8075309999986,0,7,6.26813459929144,300,1000,10,6,0,0,575,0,new_flash (UnityEngine.VideoClip),0,0
32.4153212999991,1,0,5.23861487121576,50,1150,12,20,0,0,575,-35,new_flash (UnityEngine.VideoClip),0,0
32.6674888999987,1,0,5.49078567121433,50,1150,12,20,0,0,575,-35,new_flash (UnityEngine.VideoClip),0,0
32.9205313999992,1,0,5.74382637121562,50,1150,12,20,0,0,575,-35,new_flash (UnityEngine.VideoClip),0,0
33.1747469999991,1,0,5.99804267121544,50,1150,12,20,0,0,575,-35,new_flash (UnityEngine.VideoClip),0,0
33.4257801999993,1,0,6.24907377121417,50,1150,12,20,0,0,575,-35,new_flash (UnityEngine.VideoClip),0,0
34.2044260999992,1,1,5.27435930822685,50,1150,12,20,0,0,575,-35,new_flash (UnityEngine.VideoClip),0,0
34.4581105999987,1,1,5.52804010822729,50,1150,12,20,0,0,575,-35,new_flash (UnityEngine.VideoClip),0,0
34.7110756999991,1,1,5.78100510822696,50,1150,12,20,0,0,575,-35,new_flash (UnityEngine.VideoClip),0,0
34.9626067999998,1,1,6.03253740822583,50,1150,12,20,0,0,575,-35,new_flash (UnityEngine.VideoClip),0,0
35.2140740999985,1,1,6.28400360822707,50,1150,12,20,0,0,575,-35,new_flash (UnityEngine.VideoClip),0,0
35.8892564999987,1,2,5.25398762026271,50,1150,12,20,0,0,575,-35,new_flash (UnityEngine.VideoClip),0,0
36.1403526999984,1,2,5.50508362026267,50,1150,12,20,0,0,575,-35,new_flash (UnityEngine.VideoClip),0,0
36.3939489999993,1,2,5.7586799202636,50,1150,12,20,0,0,575,-35,new_flash (UnityEngine.VideoClip),0,0
36.6477680999997,1,2,6.01249882026241,50,1150,12,20,0,0,575,-35,new_flash (UnityEngine.VideoClip),0,0
36.8994128999984,1,2,6.26414312026282,50,1150,12,20,0,0,575,-35,new_flash (UnityEngine.VideoClip),0,0
37.1511455999989,1,2,6.51587572026256,50,1150,12,20,0,0,575,-35,new_flash (UnityEngine.VideoClip),0,0
38.0501064,1,3,5.37693770292935,50,1150,12,20,0,0,575,-35,new_flash (UnityEngine.VideoClip),0,0
38.3039451999994,1,3,5.63077980292837,50,1150,12,20,0,0,575,-35,new_flash (UnityEngine.VideoClip),0,0
38.5582281999996,1,3,5.88505950292893,50,1150,12,20,0,0,575,-35,new_flash (UnityEngine.VideoClip),0,0
38.8117496999985,1,3,6.13858120292934,50,1150,12,20,0,0,575,-35,new_flash (UnityEngine.VideoClip),0,0
39.0655099999985,1,3,6.39234470292831,50,1150,12,20,0,0,575,-35,new_flash (UnityEngine.VideoClip),0,0
39.771450799999,1,4,5.28053779418769,50,1150,12,20,0,0,575,-35,new_flash (UnityEngine.VideoClip),0,0
40.0233516999997,1,4,5.53243819418822,50,1150,12,20,0,0,575,-35,new_flash (UnityEngine.VideoClip),0,0
40.2773229999984,1,4,5.78641059418806,50,1150,12,20,0,0,575,-35,new_flash (UnityEngine.VideoClip),0,0
40.5313838999991,1,4,6.0404728941885,50,1150,12,20,0,0,575,-35,new_flash (UnityEngine.VideoClip),0,0
40.7854367999989,1,4,6.29452329418928,50,1150,12,20,0,0,575,-35,new_flash (UnityEngine.VideoClip),0,0
41.0363824999986,1,4,6.5454700941882,50,1150,12,20,0,0,575,-35,new_flash (UnityEngine.VideoClip),0,0
41.2892764999997,1,4,6.79836309418897,50,1150,12,20,0,0,575,-35,new_flash (UnityEngine.VideoClip),0,0
41.5427319999999,1,4,7.05181969418845,50,1150,12,20,0,0,575,-35,new_flash (UnityEngine.VideoClip),0,0
41.8711611999988,1,4,7.38024829418828,50,1150,12,20,0,0,575,-35,new_flash (UnityEngine.VideoClip),0,0
42.1253160999986,1,4,7.63440269418788,50,1150,12,20,0,0,575,-35,new_flash (UnityEngine.VideoClip),0,0
42.3766151,1,4,7.8857015941885,50,1150,12,20,0,0,575,-35,new_flash (UnityEngine.VideoClip),0,0
42.6280726999994,1,4,8.13716039418796,50,1150,12,20,0,0,575,-35,new_flash (UnityEngine.VideoClip),0,0
42.8821788999994,1,4,8.3913153941885,50,1150,12,20,0,0,575,-35,new_flash (UnityEngine.VideoClip),0,0
43.1366291999984,1,4,8.6457153941883,50,1150,12,20,0,0,575,-35,new_flash (UnityEngine.VideoClip),0,0
44.0106108,1,5,5.30030722504853,50,1150,12,20,0,0,575,-35,new_flash (UnityEngine.VideoClip),0,0
44.2643339999995,1,5,5.55402982504711,50,1150,12,20,0,0,575,-35,new_flash (UnityEngine.VideoClip),0,0
44.5177136999991,1,5,5.80741002504874,50,1150,12,20,0,0,575,-35,new_flash (UnityEngine.VideoClip),0,0
44.7728553999987,1,5,6.06255192504796,50,1150,12,20,0,0,575,-35,new_flash (UnityEngine.VideoClip),0,0
45.023755799999,1,5,6.31345212504857,50,1150,12,20,0,0,575,-35,new_flash (UnityEngine.VideoClip),0,0
45.2771706999993,1,5,6.56686622504822,50,1150,12,20,0,0,575,-35,new_flash (UnityEngine.VideoClip),0,0
45.9673285999997,1,6,5.34210813285972,50,1150,12,20,0,0,575,-35,new_flash (UnityEngine.VideoClip),0,0
46.2194178999998,1,6,5.59419623285976,50,1150,12,20,0,0,575,-35,new_flash (UnityEngine.VideoClip),0,0
46.4709519999997,1,6,5.84573063286007,50,1150,12,20,0,0,575,-35,new_flash (UnityEngine.VideoClip),0,0
46.7265731999996,1,6,6.10135283286036,50,1150,12,20,0,0,575,-35,new_flash (UnityEngine.VideoClip),0,0
46.982003699999,1,6,6.35678253286096,50,1150,12,20,0,0,575,-35,new_flash (UnityEngine.VideoClip),0,0
48.8015732999993,1,7,6.25563258613147,50,1150,12,20,0,0,575,-35,new_flash (UnityEngine.VideoClip),0,0
49.0539338999988,1,7,6.50799298613128,50,1150,12,20,0,0,575,-35,new_flash (UnityEngine.VideoClip),0,0
49.3076083999986,1,7,6.76166938613278,50,1150,12,20,0,0,575,-35,new_flash (UnityEngine.VideoClip),0,0
49.5586941999991,1,7,7.01275338613232,50,1150,12,20,0,0,575,-35,new_flash (UnityEngine.VideoClip),0,0
49.8124467999987,1,7,7.26650608613272,50,1150,12,20,0,0,575,-35,new_flash (UnityEngine.VideoClip),0,0
52.322807999999,2,0,7.07902544184435,199,1983,10,6,-1945,469,575,-34,new_flash (UnityEngine.VideoClip),0,0
52.5739659999999,2,0,7.33018344184529,199,1983,10,6,-1945,469,575,-34,new_flash (UnityEngine.VideoClip),0,0
52.8281985999984,2,0,7.58441644184495,199,1983,10,6,-1945,469,575,-34,new_flash (UnityEngine.VideoClip),0,0
53.0791664999997,2,0,7.83538524184405,199,1983,10,6,-1945,469,575,-34,new_flash (UnityEngine.VideoClip),0,0
53.3309367999991,2,0,8.08715544184452,199,1983,10,6,-1945,469,575,-34,new_flash (UnityEngine.VideoClip),0,0
53.5854912999985,2,0,8.34171104184497,199,1983,10,6,-1945,469,575,-34,new_flash (UnityEngine.VideoClip),0,0
63.853106999999,2,1,14.7303349685044,199,1983,10,6,-1945,469,575,-34,new_flash (UnityEngine.VideoClip),0,0
64.1057435999992,2,1,14.9829723685052,199,1983,10,6,-1945,469,575,-34,new_flash (UnityEngine.VideoClip),0,0
64.3605648999983,2,1,15.2377935685054,199,1983,10,6,-1945,469,575,-34,new_flash (UnityEngine.VideoClip),0,0
64.6179155999998,2,1,15.4951459685053,199,1983,10,6,-1945,469,575,-34,new_flash (UnityEngine.VideoClip),0,0
64.8701427999986,2,1,15.7473711685052,199,1983,10,6,-1945,469,575,-34,new_flash (UnityEngine.VideoClip),0,0
65.1237481999997,2,1,16.0009768685049,199,1983,10,6,-1945,469,575,-34,new_flash (UnityEngine.VideoClip),0,0
65.3778540999992,2,1,16.2550822685043,199,1983,10,6,-1945,469,575,-34,new_flash (UnityEngine.VideoClip),0,0
65.6299578999988,2,1,16.5071864685051,199,1983,10,6,-1945,469,575,-34,new_flash (UnityEngine.VideoClip),0,0
65.8814551999985,2,1,16.7586834685044,199,1983,10,6,-1945,469,575,-34,new_flash (UnityEngine.VideoClip),0,0
66.1330361,2,1,17.0102652685055,199,1983,10,6,-1945,469,575,-34,new_flash (UnityEngine.VideoClip),0,0
66.3856530999983,2,1,17.2628824685053,199,1983,10,6,-1945,469,575,-34,new_flash (UnityEngine.VideoClip),0,0
66.6404059999986,2,1,17.5176336685054,199,1983,10,6,-1945,469,575,-34,new_flash (UnityEngine.VideoClip),0,0
66.8920022999991,2,1,17.7692315685053,199,1983,10,6,-1945,469,575,-34,new_flash (UnityEngine.VideoClip),0,0
67.1429745999994,2,1,18.020201868505,199,1983,10,6,-1945,469,575,-34,new_flash (UnityEngine.VideoClip),0,0
67.3971464999995,2,1,18.2743773685052,199,1983,10,6,-1945,469,575,-34,new_flash (UnityEngine.VideoClip),0,0
67.6482780999995,2,1,18.5255055685047,199,1983,10,6,-1945,469,575,-34,new_flash (UnityEngine.VideoClip),0,0
67.9019379999991,2,1,18.7791661685042,199,1983,10,6,-1945,469,575,-34,new_flash (UnityEngine.VideoClip),0,0
68.1548120999996,2,1,19.0320416685045,199,1983,10,6,-1945,469,575,-34,new_flash (UnityEngine.VideoClip),0,0
68.4073171999989,2,1,19.2845444685045,199,1983,10,6,-1945,469,575,-34,new_flash (UnityEngine.VideoClip),0,0
68.6625592,2,1,19.5397874685059,199,1983,10,6,-1945,469,575,-34,new_flash (UnityEngine.VideoClip),0,0
68.914158399999,2,1,19.7913857685053,199,1983,10,6,-1945,469,575,-34,new_flash (UnityEngine.VideoClip),0,0
69.1682520999984,2,1,20.0454827685044,199,1983,10,6,-1945,469,575,-34,new_flash (UnityEngine.VideoClip),0,0
69.4227805999999,2,1,20.3000092685052,199,1983,10,6,-1945,469,575,-34,new_flash (UnityEngine.VideoClip),0,0
69.6769349999995,2,1,20.5541624685047,199,1983,10,6,-1945,469,575,-34,new_flash (UnityEngine.VideoClip),0,0
69.9304931999995,2,1,20.8077229685041,199,1983,10,6,-1945,469,575,-34,new_flash (UnityEngine.VideoClip),0,0
70.1822194999986,2,1,21.0594473685051,199,1983,10,6,-1945,469,575,-34,new_flash (UnityEngine.VideoClip),0,0
70.4334225999992,2,1,21.3106526685042,199,1983,10,6,-1945,469,575,-34,new_flash (UnityEngine.VideoClip),0,0
70.6873909999995,2,1,21.5646185685055,199,1983,10,6,-1945,469,575,-34,new_flash (UnityEngine.VideoClip),0,0
70.9421610999998,2,1,21.8193888685055,199,1983,10,6,-1945,469,575,-34,new_flash (UnityEngine.VideoClip),0,0
71.1964146999999,2,1,22.0736424685056,199,1983,10,6,-1945,469,575,-34,new_flash (UnityEngine.VideoClip),0,0
71.4513628999994,2,1,22.3285905685043,199,1983,10,6,-1945,469,575,-34,new_flash (UnityEngine.VideoClip),0,0
71.7024228999999,2,1,22.5796501685054,199,1983,10,6,-1945,469,575,-34,new_flash (UnityEngine.VideoClip),0,0
71.9557386999986,2,1,22.8329662685046,199,1983,10,6,-1945,469,575,-34,new_flash (UnityEngine.VideoClip),0,0
72.2107579999993,2,1,23.0879856685042,199,1983,10,6,-1945,469,575,-34,new_flash (UnityEngine.VideoClip),0,0
72.4629950999988,2,1,23.3402223685043,199,1983,10,6,-1945,469,575,-34,new_flash (UnityEngine.VideoClip),0,0
72.7152983999986,2,1,23.5925259685046,199,1983,10,6,-1945,469,575,-34,new_flash (UnityEngine.VideoClip),0,0
72.966783599999,2,1,23.8440152685052,199,1983,10,6,-1945,469,575,-34,new_flash (UnityEngine.VideoClip),0,0
73.2180580999993,2,1,24.0952853685048,199,1983,10,6,-1945,469,575,-34,new_flash (UnityEngine.VideoClip),0,0
73.4714875999998,2,1,24.3487173685044,199,1983,10,6,-1945,469,575,-34,new_flash (UnityEngine.VideoClip),0,0
73.7262044999989,2,1,24.6034381685058,199,1983,10,6,-1945,469,575,-34,new_flash (UnityEngine.VideoClip),0,0
73.9800572999993,2,1,24.8572845685048,199,1983,10,6,-1945,469,575,-34,new_flash (UnityEngine.VideoClip),0,0
74.2326117999983,2,1,25.1098390685056,199,1983,10,6,-1945,469,575,-34,new_flash (UnityEngine.VideoClip),0,0
74.4877521999988,2,1,25.3649842685045,199,1983,10,6,-1945,469,575,-34,new_flash (UnityEngine.VideoClip),0,0
74.7417418999994,2,1,25.6189695685043,199,1983,10,6,-1945,469,575,-34,new_flash (UnityEngine.VideoClip),0,0
74.9956982999993,2,1,25.872926068505,199,1983,10,6,-1945,469,575,-34,new_flash (UnityEngine.VideoClip),0,0
75.2484138,2,1,26.1256458685057,199,1983,10,6,-1945,469,575,-34,new_flash (UnityEngine.VideoClip),0,0
75.5003199999992,2,1,26.3775475685052,199,1983,10,6,-1945,469,575,-34,new_flash (UnityEngine.VideoClip),0,0
75.754487799999,2,1,26.6317173685056,199,1983,10,6,-1945,469,575,-34,new_flash (UnityEngine.VideoClip),0,0
76.0075024999987,2,1,26.8847345685044,199,1983,10,6,-1945,469,575,-34,new_flash (UnityEngine.VideoClip),0,0
76.2604935999989,2,1,27.1377233685052,199,1983,10,6,-1945,469,575,-34,new_flash (UnityEngine.VideoClip),0,0
76.5128226999987,2,1,27.3900514685047,199,1983,10,6,-1945,469,575,-34,new_flash (UnityEngine.VideoClip),0,0
76.7699461999982,2,1,27.6471754685044,199,1983,10,6,-1945,469,575,-34,new_flash (UnityEngine.VideoClip),0,0
77.0210615999986,2,1,27.8982928685055,199,1983,10,6,-1945,469,575,-34,new_flash (UnityEngine.VideoClip),0,0
77.2723778,2,1,28.1496053685041,199,1983,10,6,-1945,469,575,-34,new_flash (UnityEngine.VideoClip),0,0
77.5274887999985,2,1,28.4047167685058,199,1983,10,6,-1945,469,575,-34,new_flash (UnityEngine.VideoClip),0,0
77.7805419999986,2,1,28.6577697685043,199,1983,10,6,-1945,469,575,-34,new_flash (UnityEngine.VideoClip),0,0
78.0321937999997,2,1,28.9094216685044,199,1983,10,6,-1945,469,575,-34,new_flash (UnityEngine.VideoClip),0,0
78.2852857999987,2,1,29.1625136685052,199,1983,10,6,-1945,469,575,-34,new_flash (UnityEngine.VideoClip),0,0
78.5371457999991,2,1,29.4143730685046,199,1983,10,6,-1945,469,575,-34,new_flash (UnityEngine.VideoClip),0,0
78.7895821999991,2,1,29.6668093685057,199,1983,10,6,-1945,469,575,-34,new_flash (UnityEngine.VideoClip),0,0
79.0409447999991,2,1,29.9181727685045,199,1983,10,6,-1945,469,575,-34,new_flash (UnityEngine.VideoClip),0,0
79.2941059999994,2,1,30.1713334685046,199,1983,10,6,-1945,469,575,-34,new_flash (UnityEngine.VideoClip),0,0
23.6624783000007,0,0,23.6631034000002,300,1000,10,6,0,0,575,0,new_flash (UnityEngine.VideoClip),0,0
23.9158613,0,0,23.9158640999995,300,1000,10,6,0,0,575,0,new_flash (UnityEngine.VideoClip),0,0
24.1681898000006,0,0,24.1681931000003,300,1000,10,6,0,0,575,0,new_flash (UnityEngine.VideoClip),0,0
24.4210612000006,0,0,24.4210645000003,300,1000,10,6,0,0,575,0,new_flash (UnityEngine.VideoClip),0,0
24.6744888000012,0,0,24.6744918000004,300,1000,10,6,0,0,575,0,new_flash (UnityEngine.VideoClip),0,0
25.2654418000002,0,1,25.2654455000011,300,1000,10,6,0,0,575,0,new_flash (UnityEngine.VideoClip),0,0
25.5163716999996,0,1,25.5163751,300,1000,10,6,0,0,575,0,new_flash (UnityEngine.VideoClip),0,0
25.7694362000002,0,1,25.7694412000001,300,1000,10,6,0,0,575,0,new_flash (UnityEngine.VideoClip),0,0
26.0226020999999,0,1,26.0226072000005,300,1000,10,6,0,0,575,0,new_flash (UnityEngine.VideoClip),0,0
26.2746724999997,0,1,26.2746754,300,1000,10,6,0,0,575,0,new_flash (UnityEngine.VideoClip),0,0
26.8032177000005,0,2,26.8032218999997,300,1000,10,6,0,0,575,0,new_flash (UnityEngine.VideoClip),0,0
27.0576707,0,2,27.0576749000011,300,1000,10,6,0,0,575,0,new_flash (UnityEngine.VideoClip),0,0
27.3100926999996,0,2,27.3100960000011,300,1000,10,6,0,0,575,0,new_flash (UnityEngine.VideoClip),0,0
27.5633226999998,0,2,27.5633261000003,300,1000,10,6,0,0,575,0,new_flash (UnityEngine.VideoClip),0,0
27.8200283999995,0,2,27.8200319000007,300,1000,10,6,0,0,575,0,new_flash (UnityEngine.VideoClip),0,0
34.1754362000011,0,0,34.1754402000006,300,1000,10,6,0,0,575,0,new_flash (UnityEngine.VideoClip),0,0
34.4288862000012,0,0,34.4288907000009,300,1000,10,6,0,0,575,0,new_flash (UnityEngine.VideoClip),0,0
34.6812382999997,0,0,34.6812418000009,300,1000,10,6,0,0,575,0,new_flash (UnityEngine.VideoClip),0,0
34.9345028000007,0,0,34.9345076999998,300,1000,10,6,0,0,575,0,new_flash (UnityEngine.VideoClip),0,0
35.1871117999999,0,0,35.1871150999996,300,1000,10,6,0,0,575,0,new_flash (UnityEngine.VideoClip),0,0
35.4398856999996,0,0,35.4398899999997,300,1000,10,6,0,0,575,0,new_flash (UnityEngine.VideoClip),0,0
35.6919894000002,0,0,35.6919928999996,300,1000,10,6,0,0,575,0,new_flash (UnityEngine.VideoClip),0,0
35.9433557000011,0,0,35.9433597999996,300,1000,10,6,0,0,575,0,new_flash (UnityEngine.VideoClip),0,0
36.1974064000005,0,0,36.1974129000009,300,1000,10,6,0,0,575,0,new_flash (UnityEngine.VideoClip),0,0
36.4527859000009,0,0,36.4527907000011,300,1000,10,6,0,0,575,0,new_flash (UnityEngine.VideoClip),0,0
36.7058534000007,0,0,36.705856300001,300,1000,10,6,0,0,575,0,new_flash (UnityEngine.VideoClip),0,0
36.9601834000005,0,0,36.9601870999995,300,1000,10,6,0,0,575,0,new_flash (UnityEngine.VideoClip),0,0
37.2128142000001,0,0,37.2128176000006,300,1000,10,6,0,0,575,0,new_flash (UnityEngine.VideoClip),0,0
37.465243300001,0,0,37.4652470000001,300,1000,10,6,0,0,575,0,new_flash (UnityEngine.VideoClip),0,0
37.7208638000011,0,0,37.7208673000005,300,1000,10,6,0,0,575,0,new_flash (UnityEngine.VideoClip),0,0
38.0856856000009,0,0,38.0856889000006,300,1000,10,6,0,0,575,0,new_flash (UnityEngine.VideoClip),0,0
38.3396659999999,0,0,38.3396702999999,300,1000,10,6,0,0,575,0,new_flash (UnityEngine.VideoClip),0,0
38.5915521000006,0,0,38.5915552999995,300,1000,10,6,0,0,575,0,new_flash (UnityEngine.VideoClip),0,0
38.8456984000004,0,0,38.8457056000007,300,1000,10,6,0,0,575,0,new_flash (UnityEngine.VideoClip),0,0
39.1009610000001,0,0,39.1009697999998,300,1000,10,6,0,0,575,0,new_flash (UnityEngine.VideoClip),0,0
39.3525823,0,0,39.3525869000005,300,1000,10,6,0,0,575,0,new_flash (UnityEngine.VideoClip),0,0
39.6048480999998,0,0,39.6048516999999,300,1000,10,6,0,0,575,0,new_flash (UnityEngine.VideoClip),0,0
39.8612680000006,0,0,39.8612721000009,300,1000,10,6,0,0,575,0,new_flash (UnityEngine.VideoClip),0,0
40.1195098000007,0,0,40.1195146999999,300,1000,10,6,0,0,575,0,new_flash (UnityEngine.VideoClip),0,0
40.3759606000003,0,0,40.3759647000006,300,1000,10,6,0,0,575,0,new_flash (UnityEngine.VideoClip),0,0
40.6273385000004,0,0,40.6273414000007,300,1000,10,6,0,0,575,0,new_flash (UnityEngine.VideoClip),0,0
40.8831117000009,0,0,40.8831150999995,300,1000,10,6,0,0,575,0,new_flash (UnityEngine.VideoClip),0,0
41.1351059000008,0,0,41.1351099000003,300,1000,10,6,0,0,575,0,new_flash (UnityEngine.VideoClip),0,0
41.3893707000007,0,0,41.3893738000006,300,1000,10,6,0,0,575,0,new_flash (UnityEngine.VideoClip),0,0
41.6452850999995,0,0,41.6452888000003,300,1000,10,6,0,0,575,0,new_flash (UnityEngine.VideoClip),0,0
41.9067689000003,0,0,41.9067722,300,1000,10,6,0,0,575,0,new_flash (UnityEngine.VideoClip),0,0
42.1585837000002,0,0,42.158588100001,300,1000,10,6,0,0,575,0,new_flash (UnityEngine.VideoClip),0,0
42.4180057000012,0,0,42.4180147999996,300,1000,10,6,0,0,575,0,new_flash (UnityEngine.VideoClip),0,0
42.6716517000004,0,0,42.6716548000004,300,1000,10,6,0,0,575,0,new_flash (UnityEngine.VideoClip),0,0
42.922519400001,0,0,42.9225224000002,300,1000,10,6,0,0,575,0,new_flash (UnityEngine.VideoClip),0,0
43.1744896,0,0,43.174492600001,300,1000,10,6,0,0,575,0,new_flash (UnityEngine.VideoClip),0,0
43.429197200001,0,0,43.4292019000004,300,1000,10,6,0,0,575,0,new_flash (UnityEngine.VideoClip),0,0
43.6814295000004,0,0,43.6814329000008,300,1000,10,6,0,0,575,0,new_flash (UnityEngine.VideoClip),0,0
43.9403304000007,0,0,43.9403350000011,300,1000,10,6,0,0,575,0,new_flash (UnityEngine.VideoClip),0,0
44.1916394,0,0,44.191642400001,300,1000,10,6,0,0,575,0,new_flash (UnityEngine.VideoClip),0,0
44.4431041999997,0,0,44.443107000001,300,1000,10,6,0,0,575,0,new_flash (UnityEngine.VideoClip),0,0
44.6951679000013,0,0,44.695173600001,300,1000,10,6,0,0,575,0,new_flash (UnityEngine.VideoClip),0,0
44.9484076999997,0,0,44.9484114999996,300,1000,10,6,0,0,575,0,new_flash (UnityEngine.VideoClip),0,0
45.2002217999998,0,0,45.2002246000011,300,1000,10,6,0,0,575,0,new_flash (UnityEngine.VideoClip),0,0
45.4533447000013,0,0,45.4533482000006,300,1000,10,6,0,0,575,0,new_flash (UnityEngine.VideoClip),0,0
45.7071716000009,0,0,45.7071746000001,300,1000,10,6,0,0,575,0,new_flash (UnityEngine.VideoClip),0,0
45.9593366999998,0,0,45.9593402999999,300,1000,10,6,0,0,575,0,new_flash (UnityEngine.VideoClip),0,0
46.2114034000006,0,0,46.2114082000007,300,1000,10,6,0,0,575,0,new_flash (UnityEngine.VideoClip),0,0
46.4636004000004,0,0,46.4636057000007,300,1000,10,6,0,0,575,0,new_flash (UnityEngine.VideoClip),0,0
46.7174704000008,0,0,46.7174747999998,300,1000,10,6,0,0,575,0,new_flash (UnityEngine.VideoClip),0,0
46.9752294000009,0,0,46.9752325999998,300,1000,10,6,0,0,575,0,new_flash (UnityEngine.VideoClip),0,0
47.2301385999999,0,0,47.230142800001,300,1000,10,6,0,0,575,0,new_flash (UnityEngine.VideoClip),0,0
47.4858905000001,0,0,47.4858937000008,300,1000,10,6,0,0,575,0,new_flash (UnityEngine.VideoClip),0,0
47.740238800001,0,0,47.7402445000007,300,1000,10,6,0,0,575,0,new_flash (UnityEngine.VideoClip),0,0
47.9939286999997,0,0,47.9939316,300,1000,10,6,0,0,575,0,new_flash (UnityEngine.VideoClip),0,0
48.2481007000006,0,0,48.2481043999996,300,1000,10,6,0,0,575,0,new_flash (UnityEngine.VideoClip),0,0
48.5007384,0,0,48.5007425000003,300,1000,10,6,0,0,575,0,new_flash (UnityEngine.VideoClip),0,0
48.7526637999999,0,0,48.7526677000005,300,1000,10,6,0,0,575,0,new_flash (UnityEngine.VideoClip),0,0
49.0067767,0,0,49.0067813000005,300,1000,10,6,0,0,575,0,new_flash (UnityEngine.VideoClip),0,0
49.2616095000012,0,0,49.2616130999995,300,1000,10,6,0,0,575,0,new_flash (UnityEngine.VideoClip),0,0
49.5189981000003,0,0,49.5190017000004,300,1000,10,6,0,0,575,0,new_flash (UnityEngine.VideoClip),0,0
49.7764272000004,0,0,49.7764305000001,300,1000,10,6,0,0,575,0,new_flash (UnityEngine.VideoClip),0,0
50.0295779000007,0,0,50.029580800001,300,1000,10,6,0,0,575,0,new_flash (UnityEngine.VideoClip),0,0
50.2823755999998,0,0,50.2823785,300,1000,10,6,0,0,575,0,new_flash (UnityEngine.VideoClip),0,0
51.1376349000002,0,1,8.73739243349701,300,1000,10,6,0,0,575,0,new_flash (UnityEngine.VideoClip),0,0
51.3887480000012,0,1,8.98850563349697,300,1000,10,6,0,0,575,0,new_flash (UnityEngine.VideoClip),0,0
51.6407938000011,0,1,9.24055313349709,300,1000,10,6,0,0,575,0,new_flash (UnityEngine.VideoClip),0,0
51.8944843000008,0,1,9.49424203349736,300,1000,10,6,0,0,575,0,new_flash (UnityEngine.VideoClip),0,0
52.1472723000006,0,1,9.74703303349634,300,1000,10,6,0,0,575,0,new_flash (UnityEngine.VideoClip),0,0
52.4012319000012,0,1,10.0009919334971,300,1000,10,6,0,0,575,0,new_flash (UnityEngine.VideoClip),0,0
52.6535409999997,0,1,10.2532994334961,300,1000,10,6,0,0,575,0,new_flash (UnityEngine.VideoClip),0,0
53.3672750000005,0,2,8.57243843364267,300,1000,10,6,0,0,575,0,new_flash (UnityEngine.VideoClip),0,0
53.6186580000012,0,2,8.82381963364242,300,1000,10,6,0,0,575,0,new_flash (UnityEngine.VideoClip),0,0
53.8695884999997,0,2,9.07475013364274,300,1000,10,6,0,0,575,0,new_flash (UnityEngine.VideoClip),0,0
54.1231175000012,0,2,9.32827953364358,300,1000,10,6,0,0,575,0,new_flash (UnityEngine.VideoClip),0,0
54.3747175999997,0,2,9.57987993364259,300,1000,10,6,0,0,575,0,new_flash (UnityEngine.VideoClip),0,0
55.073373700001,0,3,8.54203876196334,300,1000,10,6,0,0,575,0,new_flash (UnityEngine.VideoClip),0,0
55.3268418000007,0,3,8.79550856196329,300,1000,10,6,0,0,575,0,new_flash (UnityEngine.VideoClip),0,0
55.5782116000009,0,3,9.04687676196409,300,1000,10,6,0,0,575,0,new_flash (UnityEngine.VideoClip),0,0
55.8308386999997,0,3,9.29950406196258,300,1000,10,6,0,0,575,0,new_flash (UnityEngine.VideoClip),0,0
56.0843229000002,0,3,9.55298796196257,300,1000,10,6,0,0,575,0,new_flash (UnityEngine.VideoClip),0,0
56.7331425000011,0,4,8.56753483291141,300,1000,10,6,0,0,575,0,new_flash (UnityEngine.VideoClip),0,0
56.9878222999996,0,4,8.82221473291065,300,1000,10,6,0,0,575,0,new_flash (UnityEngine.VideoClip),0,0
57.2391324,0,4,9.0735245329106,300,1000,10,6,0,0,575,0,new_flash (UnityEngine.VideoClip),0,0
57.4930404000006,0,4,9.32743273291089,300,1000,10,6,0,0,575,0,new_flash (UnityEngine.VideoClip),0,0
57.744316100001,0,4,9.57870813291083,300,1000,10,6,0,0,575,0,new_flash (UnityEngine.VideoClip),0,0
57.997018,0,4,9.83141113291094,300,1000,10,6,0,0,575,0,new_flash (UnityEngine.VideoClip),0,0
58.6358434000012,0,5,8.55632782080102,300,1000,10,6,0,0,575,0,new_flash (UnityEngine.VideoClip),0,0
58.8900895000006,0,5,8.81057272080034,300,1000,10,6,0,0,575,0,new_flash (UnityEngine.VideoClip),0,0
59.1410768000005,0,5,9.06155982080054,300,1000,10,6,0,0,575,0,new_flash (UnityEngine.VideoClip),0,0
59.3947124999995,0,5,9.31519572080106,300,1000,10,6,0,0,575,0,new_flash (UnityEngine.VideoClip),0,0
59.6474995000008,0,5,9.56798132080075,300,1000,10,6,0,0,575,0,new_flash (UnityEngine.VideoClip),0,0
59.900432800001,0,5,9.82091492080144,300,1000,10,6,0,0,575,0,new_flash (UnityEngine.VideoClip),0,0
60.5861218000009,0,6,8.59763825634764,300,1000,10,6,0,0,575,0,new_flash (UnityEngine.VideoClip),0,0
60.8394021000004,0,6,8.85091765634752,300,1000,10,6,0,0,575,0,new_flash (UnityEngine.VideoClip),0,0
61.093863600001,0,6,9.10537995634877,300,1000,10,6,0,0,575,0,new_flash (UnityEngine.VideoClip),0,0
61.3450544999996,0,6,9.35657135634756,300,1000,10,6,0,0,575,0,new_flash (UnityEngine.VideoClip),0,0
61.5999951000013,0,6,9.61151075634734,300,1000,10,6,0,0,575,0,new_flash (UnityEngine.VideoClip),0,0
61.8515844000012,0,6,9.86309985634762,300,1000,10,6,0,0,575,0,new_flash (UnityEngine.VideoClip),0,0
62.1074630000003,0,6,10.1189803563484,300,1000,10,6,0,0,575,0,new_flash (UnityEngine.VideoClip),0,0
62.3593321000008,0,6,10.3708486563482,300,1000,10,6,0,0,575,0,new_flash (UnityEngine.VideoClip),0,0
