3.8463284999998,0,0,3.8463372999995,300,1000,10,6,0,0,575,0,3.84516029999941,300,1000,10,6,0,0,575,0,0,180,0
4.06128759999956,0,0,4.0612887999996,300,1000,10,6,0,0,575,0,4.06126949999998,300,1000,10,6,0,0,575,0,0,180,0
4.56060809999963,0,0,4.56060959999922,300,1000,10,6,0,0,575,0,4.5605900999999,300,1000,10,6,0,0,575,0,0,180,0
5.06197539999994,0,0,5.0619772,300,1000,10,6,0,0,575,0,5.06195699999989,300,1000,10,6,0,0,575,0,0,180,0
5.5635672999997,0,0,5.56356919999962,300,1000,10,6,0,0,575,0,5.5635429999993,300,1000,10,6,0,0,575,0,0,180,0
6.06470619999982,0,0,6.06470749999971,300,1000,10,6,0,0,575,0,6.06468819999918,300,1000,10,6,0,0,575,0,0,180,0
6.56524529999933,0,0,6.56524659999923,300,1000,10,6,0,0,575,0,6.56522799999948,300,1000,10,6,0,0,575,0,0,180,0
7.06545189999997,0,0,7.06545329999972,300,1000,10,6,0,0,575,0,7.06543269999929,300,1000,10,6,0,0,575,0,0,180,0
7.56722119999995,0,0,7.56722249999984,300,1000,10,6,0,0,575,0,7.56720199999927,300,1000,10,6,0,0,575,0,0,180,0
8.06782339999972,0,0,8.06782509999994,300,1000,10,6,0,0,575,0,8.06780549999985,300,1000,10,6,0,0,575,0,0,180,0
8.57012639999994,0,0,8.57012769999983,300,1000,10,6,0,0,575,0,8.57010489999993,300,1000,10,6,0,0,575,0,0,180,0
9.07134679999945,0,0,9.07134809999934,300,1000,10,6,0,0,575,0,9.07132549999915,300,1000,10,6,0,0,575,0,0,180,0
9.57197519999954,0,0,9.57197639999958,300,1000,10,6,0,0,575,0,9.5719526999992,300,1000,10,6,0,0,575,0,0,180,0
10.0740479999995,0,0,10.0740491999995,300,1000,10,6,0,0,575,0,10.0740311999998,300,1000,10,6,0,0,575,0,0,180,0
10.5742878999999,0,0,10.5742891,300,1000,10,6,0,0,575,0,10.5742693999991,300,1000,10,6,0,0,575,0,0,180,0
11.0743872999992,0,0,11.0743885999991,300,1000,10,6,0,0,575,0,11.0743672999997,300,1000,10,6,0,0,575,0,0,180,0
11.575758,0,0,11.5757593999997,300,1000,10,6,0,0,575,0,11.5757397999996,300,1000,10,6,0,0,575,0,0,180,0
12.0772283999995,0,0,12.0772301999996,300,1000,10,6,0,0,575,0,12.0772119999992,300,1000,10,6,0,0,575,0,0,180,0
12.5786792999997,0,0,12.5786805999996,300,1000,10,6,0,0,575,0,12.5786605999992,300,1000,10,6,0,0,575,0,0,180,0
13.0797681999993,0,0,13.0797696,300,1000,10,6,0,0,575,0,13.0797505999999,300,1000,10,6,0,0,575,0,0,180,0
13.5802802999997,0,0,13.5802814999997,300,1000,10,6,0,0,575,0,13.5802617999998,300,1000,10,6,0,0,575,0,0,180,0
14.0805222999998,0,0,14.0805234999998,300,1000,10,6,0,0,575,0,14.0805048999991,300,1000,10,6,0,0,575,0,0,180,0
14.5823544999994,0,0,14.5823558999991,300,1000,10,6,0,0,575,0,14.5823364999997,300,1000,10,6,0,0,575,0,0,180,0
15.0824532999995,0,0,15.0824548999999,300,1000,10,6,0,0,575,0,15.0824325999993,300,1000,10,6,0,0,575,0,0,180,0
15.5826369999995,0,0,15.5826382999994,300,1000,10,6,0,0,575,0,15.5826170999999,300,1000,10,6,0,0,575,0,0,180,0
16.0842574999997,0,0,16.0842586999997,300,1000,10,6,0,0,575,0,16.0842397999995,300,1000,10,6,0,0,575,0,0,180,0
16.5853866999996,0,0,16.5853878999997,300,1000,10,6,0,0,575,0,16.5853629999992,300,1000,10,6,0,0,575,0,0,180,0
17.0855327999998,0,0,17.0855340999997,300,1000,10,6,0,0,575,0,17.0855103999993,300,1000,10,6,0,0,575,0,0,180,0
17.5874725999993,0,0,17.5874738999992,300,1000,10,6,0,0,575,0,17.5874508999996,300,1000,10,6,0,0,575,0,0,180,0
18.0891660999996,0,0,18.0891677,300,1000,10,6,0,0,575,0,18.0891486999999,300,1000,10,6,0,0,575,0,0,180,0
18.5893067999996,0,0,18.5893080999995,300,1000,10,6,0,0,575,0,18.5892856999999,300,1000,10,6,0,0,575,0,0,180,0
19.0913739999996,0,0,19.0913752999995,300,1000,10,6,0,0,575,0,19.0913547999999,300,1000,10,6,0,0,575,0,0,180,0
19.5916270999996,0,0,19.5916282999997,300,1000,10,6,0,0,575,0,19.5916086999996,300,1000,10,6,0,0,575,0,0,180,0
21.1700875999995,0,1,21.1700974999994,300,1000,10,6,0,0,575,0,21.1692478999994,300,1000,10,6,0,0,575,0,0,180,0
21.2398870999996,0,1,21.2398883999995,300,1000,10,6,0,0,575,0,21.239869,300,1000,10,6,0,0,575,0,0,180,0
21.7423245999998,0,1,21.7423258999997,300,1000,10,6,0,0,575,0,21.7423021999994,300,1000,10,6,0,0,575,0,0,180,0
22.2475312999995,0,1,22.2475325999994,300,1000,10,6,0,0,575,0,22.2475095,300,1000,10,6,0,0,575,0,0,180,0
22.7477537999994,0,1,22.7477554999996,300,1000,10,6,0,0,575,0,22.7477325,300,1000,10,6,0,0,575,0,0,180,0
23.2495461999997,0,1,23.2495474999996,300,1000,10,6,0,0,575,0,23.2495251,300,1000,10,6,0,0,575,0,0,180,0
23.7529570999995,0,1,23.7529583999994,300,1000,10,6,0,0,575,0,23.7529389000001,300,1000,10,6,0,0,575,0,0,180,0
24.2595471999994,0,1,24.2595489999994,300,1000,10,6,0,0,575,0,24.2595246999999,300,1000,10,6,0,0,575,0,0,180,0
24.767648,0,1,24.7676498000001,300,1000,10,6,0,0,575,0,24.7676284999998,300,1000,10,6,0,0,575,0,0,180,0
25.2678841999996,0,1,25.2678854999995,300,1000,10,6,0,0,575,0,25.2678655999998,300,1000,10,6,0,0,575,0,0,180,0
25.7683906000002,0,1,25.7683917999993,300,1000,10,6,0,0,575,0,25.7683718999997,300,1000,10,6,0,0,575,0,0,180,0
26.2708951999994,0,1,26.2708984000001,300,1000,10,6,0,0,575,0,26.2708683999999,300,1000,10,6,0,0,575,0,0,180,0
26.7711562999993,0,1,26.7711576000002,300,1000,10,6,0,0,575,0,26.7711334999995,300,1000,10,6,0,0,575,0,0,180,0
27.2729861999997,0,1,27.2729875999994,300,1000,10,6,0,0,575,0,27.2729615999997,300,1000,10,6,0,0,575,0,0,180,0
27.7744613999994,0,1,27.7744627000002,300,1000,10,6,0,0,575,0,27.7744379999995,300,1000,10,6,0,0,575,0,0,180,0
28.2778794999995,0,1,28.2778812999995,300,1000,10,6,0,0,575,0,28.2778560999996,300,1000,10,6,0,0,575,0,0,180,0
28.7793170999994,0,1,28.7793185,300,1000,10,6,0,0,575,0,28.7792976000001,300,1000,10,6,0,0,575,0,0,180,0
7.68488259999958,0,0,7.68489150000005,300,1000,10,6,0,0,575,0,7.68359820000023,300,1000,10,6,0,0,575,0,0,180,0
7.74585759999991,0,0,7.7458588999998,300,1000,10,6,0,0,575,0,7.74583989999974,300,1000,10,6,0,0,575,0,0,180,0
8.23988519999966,0,0,8.2398863999997,300,1000,10,6,0,0,575,0,8.23986549999972,300,1000,10,6,0,0,575,0,0,180,0
8.74153260000003,0,0,8.74153440000009,300,1000,10,6,0,0,575,0,8.74151470000015,300,1000,10,6,0,0,575,0,0,180,0
9.24243699999988,0,0,9.24243819999992,300,1000,10,6,0,0,575,0,9.24241989999973,300,1000,10,6,0,0,575,0,0,180,0
9.74356119999993,0,0,9.74356280000029,300,1000,10,6,0,0,575,0,9.74354200000016,300,1000,10,6,0,0,575,0,0,180,0
10.245543,0,0,10.2455443999997,300,1000,10,6,0,0,575,0,10.2455240999998,300,1000,10,6,0,0,575,0,0,180,0
3.35177440000007,0,0,3.35179810000045,300,1000,10,6,0,0,575,0,3.34976689999985,300,1000,10,6,0,0,575,0,0,180,0
3.86920710000049,0,0,3.86920910000026,300,1000,10,6,0,0,575,0,3.86918779999996,300,1000,10,6,0,0,575,0,0,180,0
4.36943320000046,0,0,4.3694344000005,300,1000,10,6,0,0,575,0,4.36941350000052,300,1000,10,6,0,0,575,0,0,180,0
4.87072390000048,0,0,4.87072530000023,300,1000,10,6,0,0,575,0,4.87070230000063,300,1000,10,6,0,0,575,0,0,180,0
5.3708415000001,0,0,5.37084279999999,300,1000,10,6,0,0,575,0,5.37082110000028,300,1000,10,6,0,0,575,0,0,180,0
5.87201170000026,0,0,5.8720129000003,300,1000,10,6,0,0,575,0,5.87199049999981,300,1000,10,6,0,0,575,0,0,180,0
6.3744598000003,0,0,6.37446220000038,300,1000,10,6,0,0,575,0,6.37442640000063,300,1000,10,6,0,0,575,0,0,180,0
6.87480020000021,0,0,6.87480200000027,300,1000,10,6,0,0,575,0,6.8747757000001,300,1000,10,6,0,0,575,0,0,180,0
7.37665790000028,0,0,7.37665920000018,300,1000,10,6,0,0,575,0,7.37663130000055,300,1000,10,6,0,0,575,0,0,180,0
7.87759740000001,0,0,7.87759860000006,300,1000,10,6,0,0,575,0,7.87757430000056,300,1000,10,6,0,0,575,0,0,180,0
8.38011300000016,0,0,8.38011490000008,300,1000,10,6,0,0,575,0,8.3800882000005,300,1000,10,6,0,0,575,0,0,180,0
8.88244339999983,0,0,8.88244459999987,300,1000,10,6,0,0,575,0,8.88242080000055,300,1000,10,6,0,0,575,0,0,180,0
9.38361270000041,0,0,9.38361400000031,300,1000,10,6,0,0,575,0,9.38359240000045,300,1000,10,6,0,0,575,0,0,180,0
9.88425970000026,0,0,9.8842611,300,1000,10,6,0,0,575,0,9.88424130000021,300,1000,10,6,0,0,575,0,0,180,0
10.3843256,0,0,10.3843268000001,300,1000,10,6,0,0,575,0,10.3843087000005,300,1000,10,6,0,0,575,0,0,180,0
10.8850436000002,0,0,10.8850448000003,300,1000,10,6,0,0,575,0,10.8850228000001,300,1000,10,6,0,0,575,0,0,180,0
11.3863606000004,0,0,11.3863622999997,300,1000,10,6,0,0,575,0,11.3863308999998,300,1000,10,6,0,0,575,0,0,180,0
11.8869436000004,0,0,11.8869449000003,300,1000,10,6,0,0,575,0,11.8869249999998,300,1000,10,6,0,0,575,0,0,180,0
12.3876976000001,0,0,12.3876989,300,1000,10,6,0,0,575,0,12.3876790000004,300,1000,10,6,0,0,575,0,0,180,0
12.8893342000001,0,0,12.8893362999997,300,1000,10,6,0,0,575,0,12.8893096000002,300,1000,10,6,0,0,575,0,0,180,0
13.3895472000004,0,0,13.3895486000001,300,1000,10,6,0,0,575,0,13.3895246000002,300,1000,10,6,0,0,575,0,0,180,0
13.8907365000005,0,0,13.8907378000004,300,1000,10,6,0,0,575,0,13.8907115000002,300,1000,10,6,0,0,575,0,0,180,0
14.3917139000005,0,0,14.3917151000005,300,1000,10,6,0,0,575,0,14.3916946999998,300,1000,10,6,0,0,575,0,0,180,0
14.8920275,0,0,14.8920287000001,300,1000,10,6,0,0,575,0,14.8920083000003,300,1000,10,6,0,0,575,0,0,180,0
15.3926867,0,0,15.3926879999999,300,1000,10,6,0,0,575,0,15.3926632000002,300,1000,10,6,0,0,575,0,0,180,0
15.8939115000003,0,0,15.8939129,300,1000,10,6,0,0,575,0,15.8938870000002,300,1000,10,6,0,0,575,0,0,180,0
16.3950761000006,0,0,16.3950774000004,300,1000,10,6,0,0,575,0,16.3950463000001,300,1000,10,6,0,0,575,0,0,180,0
16.8956318,0,0,16.8956330999999,300,1000,10,6,0,0,575,0,16.8956115000001,300,1000,10,6,0,0,575,0,0,180,0
17.3969133999999,0,0,17.3969151000001,300,1000,10,6,0,0,575,0,17.3968887999999,300,1000,10,6,0,0,575,0,0,180,0
17.9443523,0,0,17.9443536999997,300,1000,10,6,0,0,575,0,17.9443215000001,300,1000,10,6,0,0,575,0,0,180,0
18.4449255999998,0,0,18.4449270000005,300,1000,10,6,0,0,575,0,18.444896,300,1000,10,6,0,0,575,0,0,180,0
18.9452338999999,0,0,18.9452356000002,300,1000,10,6,0,0,575,0,18.9452049000001,300,1000,10,6,0,0,575,0,0,180,0
3.47150399999919,0,0,3.47152370000003,300,1000,10,6,0,0,575,0,3.46971899999971,300,1000,10,6,0,0,575,0,0,180,0
3.97132979999969,0,0,3.97133109999959,300,1000,10,6,0,0,575,0,3.97131209999952,300,1000,10,6,0,0,575,0,0,180,0
4.47380209999938,0,0,4.47380350000003,300,1000,10,6,0,0,575,0,4.47378099999969,300,1000,10,6,0,0,575,0,0,180,0
4.97666859999936,0,0,4.97667029999957,300,1000,10,6,0,0,575,0,4.97664749999967,300,1000,10,6,0,0,575,0,0,180,0
5.47754939999959,0,0,5.4775512999995,300,1000,10,6,0,0,575,0,5.47752789999959,300,1000,10,6,0,0,575,0,0,180,0
5.98065429999951,0,0,5.98065559999941,300,1000,10,6,0,0,575,0,5.9806353999993,300,1000,10,6,0,0,575,0,0,180,0
6.4832065999999,0,0,6.48320799999965,300,1000,10,6,0,0,575,0,6.48318810000001,300,1000,10,6,0,0,575,0,0,180,0
4.7679190000008,0,0,4.76792860000023,300,1000,10,6,0,0,575,0,4.76668980000068,300,1000,10,6,0,0,575,0,0,180,0
5.27431200000046,0,0,5.27431530000013,300,1000,10,6,0,0,575,0,5.27429410000059,300,1000,10,6,0,0,575,0,0,180,0
5.77448120000008,0,0,5.77448510000067,300,1000,10,6,0,0,575,0,5.77445800000078,300,1000,10,6,0,0,575,0,0,180,0
6.27564180000081,0,0,6.27564370000073,300,1000,10,6,0,0,575,0,6.27560549999998,300,1000,10,6,0,0,575,0,0,180,0
6.77563630000077,0,0,6.77563760000066,300,1000,10,6,0,0,575,0,6.77561910000077,300,1000,10,6,0,0,575,0,0,180,0
7.27663400000074,0,0,7.27663530000063,300,1000,10,6,0,0,575,0,7.27661460000036,300,1000,10,6,0,0,575,0,0,180,0
7.77819360000012,0,0,7.77819480000016,300,1000,10,6,0,0,575,0,7.77817010000035,300,1000,10,6,0,0,575,0,0,180,0
8.27915200000007,0,0,8.27915329999996,300,1000,10,6,0,0,575,0,8.27912749999996,300,1000,10,6,0,0,575,0,0,180,0
8.78133520000029,0,0,8.78133660000003,300,1000,10,6,0,0,575,0,8.78131570000005,300,1000,10,6,0,0,575,0,0,180,0
9.28230470000017,0,0,9.28230650000023,300,1000,10,6,0,0,575,0,9.28227950000019,300,1000,10,6,0,0,575,0,0,180,0
9.78364300000067,0,0,9.78364430000056,300,1000,10,6,0,0,575,0,9.78362240000024,300,1000,10,6,0,0,575,0,0,180,0
10.2842241000008,0,0,10.2842277,300,1000,10,6,0,0,575,0,10.2842049000001,300,1000,10,6,0,0,575,0,0,180,0
10.7845686000001,0,0,10.7845699,300,1000,10,6,0,0,575,0,10.7845515000008,300,1000,10,6,0,0,575,0,0,180,0
11.2867606,0,0,11.2867619000008,300,1000,10,6,0,0,575,0,11.2867446,300,1000,10,6,0,0,575,0,0,180,0
11.7883292000006,0,0,11.7883304000006,300,1000,10,6,0,0,575,0,11.7883106000008,300,1000,10,6,0,0,575,0,0,180,0
12.2891858000003,0,0,12.2891871000002,300,1000,10,6,0,0,575,0,12.2891664000008,300,1000,10,6,0,0,575,0,0,180,0
12.7891937000004,0,0,12.7891949000004,300,1000,10,6,0,0,575,0,12.7891765000004,300,1000,10,6,0,0,575,0,0,180,0
13.2912005000007,0,0,13.2912024000007,300,1000,10,6,0,0,575,0,13.2911813000001,300,1000,10,6,0,0,575,0,0,180,0
13.7941938000004,0,0,13.7941958000001,300,1000,10,6,0,0,575,0,13.7941684000007,300,1000,10,6,0,0,575,0,0,180,0
14.2956245000005,0,0,14.2956258000004,300,1000,10,6,0,0,575,0,14.2956046000008,300,1000,10,6,0,0,575,0,0,180,0
14.7975436000006,0,0,14.7975455000005,300,1000,10,6,0,0,575,0,14.7975213,300,1000,10,6,0,0,575,0,0,180,0
15.2982549000008,0,0,15.2982561000008,300,1000,10,6,0,0,575,0,15.2982361000004,300,1000,10,6,0,0,575,0,0,180,0
15.7997658000004,0,0,15.7997673,300,1000,10,6,0,0,575,0,15.7997482000001,300,1000,10,6,0,0,575,0,0,180,0
16.3015621000004,0,0,16.3015634000003,300,1000,10,6,0,0,575,0,16.3015403000009,300,1000,10,6,0,0,575,0,0,180,0
16.8032314000002,0,0,16.8032326000002,300,1000,10,6,0,0,575,0,16.8032126000007,300,1000,10,6,0,0,575,0,0,180,0
17.3045086000002,0,0,17.3045105000001,300,1000,10,6,0,0,575,0,17.3044907000003,300,1000,10,6,0,0,575,0,0,180,0
17.8057792,0,0,17.8057805000008,300,1000,10,6,0,0,575,0,17.8057595,300,1000,10,6,0,0,575,0,0,180,0
18.3073042000005,0,0,18.3073058,300,1000,10,6,0,0,575,0,18.3072796000006,300,1000,10,6,0,0,575,0,0,180,0
18.8081277000001,0,0,18.808129,300,1000,10,6,0,0,575,0,18.8081094000008,300,1000,10,6,0,0,575,0,0,180,0
19.3103550000005,0,0,19.3103563000004,300,1000,10,6,0,0,575,0,19.3103308,300,1000,10,6,0,0,575,0,0,180,0
19.8118856999999,0,0,19.8118870000008,300,1000,10,6,0,0,575,0,19.8118651000004,300,1000,10,6,0,0,575,0,0,180,0
20.3124830000006,0,0,20.3124848000007,300,1000,10,6,0,0,575,0,20.3124619,300,1000,10,6,0,0,575,0,0,180,0
20.8148307000001,0,0,20.8148319000002,300,1000,10,6,0,0,575,0,20.8148105,300,1000,10,6,0,0,575,0,0,180,0
21.3174908000001,0,0,21.3174920000001,300,1000,10,6,0,0,575,0,21.3174720000006,300,1000,10,6,0,0,575,0,0,180,0
21.8197200000004,0,0,21.8197217000006,300,1000,10,6,0,0,575,0,21.8196889000001,300,1000,10,6,0,0,575,0,0,180,0
22.3221772000006,0,0,22.3221785000005,300,1000,10,6,0,0,575,0,22.3221568000008,300,1000,10,6,0,0,575,0,0,180,0
22.8232126000003,0,0,22.8232138000003,300,1000,10,6,0,0,575,0,22.8231928000005,300,1000,10,6,0,0,575,0,0,180,0
23.3257579000001,0,0,23.3257592,300,1000,10,6,0,0,575,0,23.3257403000007,300,1000,10,6,0,0,575,0,0,180,0
23.8274788000008,0,0,23.8274800000008,300,1000,10,6,0,0,575,0,23.8274593000006,300,1000,10,6,0,0,575,0,0,180,0
24.3288538000006,0,0,24.3288551000005,300,1000,10,6,0,0,575,0,24.3288329000006,300,1000,10,6,0,0,575,0,0,180,0
24.8317118000004,0,0,24.8317130000005,300,1000,10,6,0,0,575,0,24.8316886000002,300,1000,10,6,0,0,575,0,0,180,0
25.3346266000008,0,0,25.3346278000008,300,1000,10,6,0,0,575,0,25.3346016000005,300,1000,10,6,0,0,575,0,0,180,0
25.8369011000004,0,0,25.8369024000003,300,1000,10,6,0,0,575,0,25.8368811,300,1000,10,6,0,0,575,0,0,180,0
26.3392506,0,0,26.3392519000008,300,1000,10,6,0,0,575,0,26.3392321000001,300,1000,10,6,0,0,575,0,0,180,0
26.8394477000002,0,1,26.8394490000001,300,1000,10,6,0,0,575,0,26.8394297000004,300,1000,10,6,0,0,575,0,0,180,0
27.3401707000003,0,1,27.3401727,300,1000,10,6,0,0,575,0,27.3401410000006,300,1000,10,6,0,0,575,0,0,180,0
27.8411481000003,0,1,27.8411494000002,300,1000,10,6,0,0,575,0,27.8411284000003,300,1000,10,6,0,0,575,0,0,180,0
28.3441540000003,0,1,28.3441553000002,300,1000,10,6,0,0,575,0,28.3441344000003,300,1000,10,6,0,0,575,0,0,180,0
28.8448653000005,0,1,28.8448665000005,300,1000,10,6,0,0,575,0,28.8448377000004,300,1000,10,6,0,0,575,0,0,180,0
29.3450972000001,0,1,29.3450984999999,300,1000,10,6,0,0,575,0,29.3450679000007,300,1000,10,6,0,0,575,0,0,180,0
29.8472216,0,1,29.8472229000008,300,1000,10,6,0,0,575,0,29.8471999000003,300,1000,10,6,0,0,575,0,0,180,0
30.3487830000004,0,1,30.3487843000003,300,1000,10,6,0,0,575,0,30.3487644000006,300,1000,10,6,0,0,575,0,0,180,0
30.8491973,0,1,30.8491987000007,300,1000,10,6,0,0,575,0,30.8491794000001,300,1000,10,6,0,0,575,0,0,180,0
31.3497542000005,0,1,31.3497565000007,300,1000,10,6,0,0,575,0,31.3497264000007,300,1000,10,6,0,0,575,0,0,180,0
31.8504581000007,0,1,31.8504594000005,300,1000,10,6,0,0,575,0,31.8504417000004,300,1000,10,6,0,0,575,0,0,180,0
32.3525709000005,0,1,32.3525721000005,300,1000,10,6,0,0,575,0,32.3525495000004,300,1000,10,6,0,0,575,0,0,180,0
32.8547011000001,0,1,32.8547024,300,1000,10,6,0,0,575,0,32.8546835000006,300,1000,10,6,0,0,575,0,0,180,0
33.3570037,0,1,33.3570051000006,300,1000,10,6,0,0,575,0,33.3569841000008,300,1000,10,6,0,0,575,0,0,180,0
33.8587241000005,0,1,33.8587254000004,300,1000,10,6,0,0,575,0,33.8587027000003,300,1000,10,6,0,0,575,0,0,180,0
34.3604768000005,0,1,34.3604782000002,300,1000,10,6,0,0,575,0,34.3604564000007,300,1000,10,6,0,0,575,0,0,180,0
34.8632745000004,0,1,34.8632757000005,300,1000,10,6,0,0,575,0,34.8632507000002,300,1000,10,6,0,0,575,0,0,180,0
35.3654676000006,0,1,35.3654690000003,300,1000,10,6,0,0,575,0,35.3654286000001,300,1000,10,6,0,0,575,0,0,180,0
35.8679119000008,0,1,35.8679132000007,300,1000,10,6,0,0,575,0,35.8678924000005,300,1000,10,6,0,0,575,0,0,180,0
36.3706407,0,1,36.3706419,300,1000,10,6,0,0,575,0,36.3706236000007,300,1000,10,6,0,0,575,0,0,180,0
36.8716828000006,0,1,36.8716841000005,300,1000,10,6,0,0,575,0,36.8716585000002,300,1000,10,6,0,0,575,0,0,180,0
37.3722130000006,0,1,37.3722142000006,300,1000,10,6,0,0,575,0,37.3721940000005,300,1000,10,6,0,0,575,0,0,180,0
37.8743234000003,0,1,37.8743246000004,300,1000,10,6,0,0,575,0,37.8743025000003,300,1000,10,6,0,0,575,0,0,180,0
38.3742819000008,0,2,38.3742832000007,300,1000,10,6,0,0,575,0,38.3742647000008,300,1000,10,6,0,0,575,0,0,180,0
38.875231,0,2,38.8752324000006,300,1000,10,6,0,0,575,0,38.8752111000003,300,1000,10,6,0,0,575,0,0,180,0
39.3771112000004,0,2,39.3771126000001,300,1000,10,6,0,0,575,0,39.3770946000004,300,1000,10,6,0,0,575,0,0,180,0
39.8774059000007,0,2,39.8774072000006,300,1000,10,6,0,0,575,0,39.8773849000008,300,1000,10,6,0,0,575,0,0,180,0
40.3774328,0,2,40.3774342000006,300,1000,10,6,0,0,575,0,40.3774146000005,300,1000,10,6,0,0,575,0,0,180,0
40.8776761000008,0,2,40.8776780000007,300,1000,10,6,0,0,575,0,40.877657,300,1000,10,6,0,0,575,0,0,180,0
41.3788924,0,2,41.3788945000006,300,1000,10,6,0,0,575,0,41.3788697,300,1000,10,6,0,0,575,0,0,180,0
41.8804371000006,0,2,41.8804383000006,300,1000,10,6,0,0,575,0,41.8804127000003,300,1000,10,6,0,0,575,0,0,180,0
42.3829338000005,0,2,42.3829350000005,300,1000,10,6,0,0,575,0,42.3829159000006,300,1000,10,6,0,0,575,0,0,180,0
42.8841015000007,0,2,42.8841037000002,300,1000,10,6,0,0,575,0,42.8840818000008,300,1000,10,6,0,0,575,0,0,180,0
43.3849540000001,0,2,43.3849563000003,300,1000,10,6,0,0,575,0,43.3849353000005,300,1000,10,6,0,0,575,0,0,180,0
43.8866801000004,0,2,43.8866813000004,300,1000,10,6,0,0,575,0,43.8866603000006,300,1000,10,6,0,0,575,0,0,180,0
44.3890548000008,0,2,44.3890561000007,300,1000,10,6,0,0,575,0,44.3890375000001,300,1000,10,6,0,0,575,0,0,180,0
44.8899142,0,2,44.8899154000001,300,1000,10,6,0,0,575,0,44.8898934000008,300,1000,10,6,0,0,575,0,0,180,0
45.3901586000002,0,2,45.3901599000001,300,1000,10,6,0,0,575,0,45.3901392000007,300,1000,10,6,0,0,575,0,0,180,0
45.8916408000005,0,2,45.8916421000004,300,1000,10,6,0,0,575,0,45.8916188000003,300,1000,10,6,0,0,575,0,0,180,0
46.3917532000005,0,2,46.3917546000002,300,1000,10,6,0,0,575,0,46.3917345,300,1000,10,6,0,0,575,0,0,180,0
46.8921166,0,2,46.8921179000008,300,1000,10,6,0,0,575,0,46.8920952000008,300,1000,10,6,0,0,575,0,0,180,0
47.3953154000001,0,0,47.3953173,300,1000,10,6,0,0,575,0,47.3952929000006,300,1000,10,6,0,0,575,0,0,180,0
47.8992911000005,0,0,47.8992942000004,300,1000,10,6,0,0,575,0,47.8992714000005,300,1000,10,6,0,0,575,0,0,180,0
48.4035870000007,0,0,48.4035890000005,300,1000,10,6,0,0,575,0,48.4035585000001,300,1000,10,6,0,0,575,0,0,180,0
48.9045849000004,0,0,48.9045861000004,300,1000,10,6,0,0,575,0,48.9045625000008,300,1000,10,6,0,0,575,0,0,180,0
49.4053955000009,0,0,49.4053967,300,1000,10,6,0,0,575,0,49.4053737000004,300,1000,10,6,0,0,575,0,0,180,0
49.9089324000006,0,0,49.9089336000006,300,1000,10,6,0,0,575,0,49.9089141000004,300,1000,10,6,0,0,575,0,0,180,0
50.4107838,0,0,50.4107852000006,300,1000,10,6,0,0,575,0,50.4107631000006,300,1000,10,6,0,0,575,0,0,180,0
50.9152170000007,0,0,50.9152190000004,300,1000,10,6,0,0,575,0,50.9151929,300,1000,10,6,0,0,575,0,0,180,0
51.4205303000008,0,0,51.4205315000008,300,1000,10,6,0,0,575,0,51.4205097000004,300,1000,10,6,0,0,575,0,0,180,0
51.9222164000003,0,0,51.9222177000001,300,1000,10,6,0,0,575,0,51.9221947000005,300,1000,10,6,0,0,575,0,0,180,0
52.4251760000006,0,0,52.4251780000004,300,1000,10,6,0,0,575,0,52.4251481000001,300,1000,10,6,0,0,575,0,0,180,0
52.925706,0,0,52.9257078000001,300,1000,10,6,0,0,575,0,52.9256871000007,300,1000,10,6,0,0,575,0,0,180,0
53.4307286000003,0,0,53.4307308000007,300,1000,10,6,0,0,575,0,53.4306871000008,300,1000,10,6,0,0,575,0,0,180,0
53.9306392000008,0,0,53.9306411000007,300,1000,10,6,0,0,575,0,53.9306043000006,300,1000,10,6,0,0,575,0,0,180,0
3.16899560000002,0,0,3.16900540000006,300,1000,10,6,0,0,575,0,3.16737599999942,300,1000,10,6,0,0,575,0,0,180,0
3.66737219999959,0,0,3.66737349999948,300,1000,10,6,0,0,575,0,3.66735539999991,300,1000,10,6,0,0,575,0,0,180,0
4.16862010000023,0,0,4.16862140000012,300,1000,10,6,0,0,575,0,4.1685994999998,300,1000,10,6,0,0,575,0,0,180,0
4.66948259999936,0,0,4.6694837999994,300,1000,10,6,0,0,575,0,4.66946269999971,300,1000,10,6,0,0,575,0,0,180,0
5.16969359999985,0,0,5.16969479999989,300,1000,10,6,0,0,575,0,5.16967459999978,300,1000,10,6,0,0,575,0,0,180,0
5.67087279999942,0,0,5.67087410000022,300,1000,10,6,0,0,575,0,5.67085450000013,300,1000,10,6,0,0,575,0,0,180,0
6.17109889999938,0,0,6.17110069999944,300,1000,10,6,0,0,575,0,6.17108199999984,300,1000,10,6,0,0,575,0,0,180,0
6.67165119999936,0,0,6.67165250000016,300,1000,10,6,0,0,575,0,6.67163249999976,300,1000,10,6,0,0,575,0,0,180,0
7.17200849999972,0,0,7.17200989999947,300,1000,10,6,0,0,575,0,7.17198839999946,300,1000,10,6,0,0,575,0,0,180,0
7.67277360000026,0,0,7.67277479999939,300,1000,10,6,0,0,575,0,7.67275340000015,300,1000,10,6,0,0,575,0,0,180,0
8.17341099999976,0,0,8.17341229999965,300,1000,10,6,0,0,575,0,8.17339259999972,300,1000,10,6,0,0,575,0,0,180,0
8.6740791000002,0,0,8.67408040000009,300,1000,10,6,0,0,575,0,8.67406119999941,300,1000,10,6,0,0,575,0,0,180,0
9.17488009999943,0,0,9.17488129999947,300,1000,10,6,0,0,575,0,9.17485679999936,300,1000,10,6,0,0,575,0,0,180,0
9.67577809999966,0,0,9.67577939999956,300,1000,10,6,0,0,575,0,9.67575159999978,300,1000,10,6,0,0,575,0,0,180,0
10.1763026999997,0,0,10.1763039999996,300,1000,10,6,0,0,575,0,10.176281,300,1000,10,6,0,0,575,0,0,180,0
10.6767364999996,0,0,10.6767377999995,300,1000,10,6,0,0,575,0,10.6767155999996,300,1000,10,6,0,0,575,0,0,180,0
11.1777501999995,0,0,11.1777531999996,300,1000,10,6,0,0,575,0,11.1777320000001,300,1000,10,6,0,0,575,0,0,180,0
11.6777855,0,0,11.6777867999999,300,1000,10,6,0,0,575,0,11.6777665999998,300,1000,10,6,0,0,575,0,0,180,0
12.1796497999994,0,0,12.1796518000001,300,1000,10,6,0,0,575,0,12.1796294999995,300,1000,10,6,0,0,575,0,0,180,0
12.6824787999994,0,0,12.6824802000001,300,1000,10,6,0,0,575,0,12.6824564999997,300,1000,10,6,0,0,575,0,0,180,0
15.0723368999998,0,0,15.0723380999998,300,1000,10,6,0,0,575,0,15.0723142999996,300,1000,10,6,0,0,575,0,0,180,0
15.5730535000002,0,1,15.5730548000001,300,1000,10,6,0,0,575,0,15.5730359999998,300,1000,10,6,0,0,575,0,0,180,0
16.0745127,0,1,16.0745140999998,300,1000,10,6,0,0,575,0,16.0744877999996,300,1000,10,6,0,0,575,0,0,180,0
16.5779010999995,0,1,16.5779023999994,300,1000,10,6,0,0,575,0,16.5778820999994,300,1000,10,6,0,0,575,0,0,180,0
17.0779083999996,0,1,17.0779095999997,300,1000,10,6,0,0,575,0,17.0778829000001,300,1000,10,6,0,0,575,0,0,180,0
17.5797720999999,0,1,17.5797732999999,300,1000,10,6,0,0,575,0,17.5797532999995,300,1000,10,6,0,0,575,0,0,180,0
18.0820143000001,0,1,18.0820155000001,300,1000,10,6,0,0,575,0,18.0819941,300,1000,10,6,0,0,575,0,0,180,0
18.5820869999998,0,1,18.5820887999998,300,1000,10,6,0,0,575,0,18.5820669999994,300,1000,10,6,0,0,575,0,0,180,0
19.0841983,0,1,19.0841995999999,300,1000,10,6,0,0,575,0,19.0841749000001,300,1000,10,6,0,0,575,0,0,180,0
19.5857036999996,0,1,19.5857048999997,300,1000,10,6,0,0,575,0,19.5856831999999,300,1000,10,6,0,0,575,0,0,180,0
20.0874642999997,0,1,20.0874655999996,300,1000,10,6,0,0,575,0,20.0874444000001,300,1000,10,6,0,0,575,0,0,180,0
20.5877541,0,1,20.5877554999997,300,1000,10,6,0,0,575,0,20.5877315999996,300,1000,10,6,0,0,575,0,0,180,0
21.0899493999996,0,1,21.0899505999996,300,1000,10,6,0,0,575,0,21.0899276,300,1000,10,6,0,0,575,0,0,180,0
21.5905818000001,0,1,21.5905831,300,1000,10,6,0,0,575,0,21.5905586999997,300,1000,10,6,0,0,575,0,0,180,0
22.0913332,0,1,22.0913345999998,300,1000,10,6,0,0,575,0,22.0913163999994,300,1000,10,6,0,0,575,0,0,180,0
22.5917278999996,0,1,22.5917291999995,300,1000,10,6,0,0,575,0,22.5917086999998,300,1000,10,6,0,0,575,0,0,180,0
23.0927801999997,0,1,23.0927814999995,300,1000,10,6,0,0,575,0,23.0927532999995,300,1000,10,6,0,0,575,0,0,180,0
23.5947254000002,0,1,23.5947267000001,300,1000,10,6,0,0,575,0,23.5947056999994,300,1000,10,6,0,0,575,0,0,180,0
24.0952804999997,0,1,24.0952818999995,300,1000,10,6,0,0,575,0,24.0952576,300,1000,10,6,0,0,575,0,0,180,0
24.5978061999995,0,1,24.5978074999994,300,1000,10,6,0,0,575,0,24.5977843999999,300,1000,10,6,0,0,575,0,0,180,0
25.0999648999996,0,1,25.0999661999995,300,1000,10,6,0,0,575,0,25.099948,300,1000,10,6,0,0,575,0,0,180,0
25.6005541999994,0,1,25.6005561000002,300,1000,10,6,0,0,575,0,25.600531,300,1000,10,6,0,0,575,0,0,180,0
26.1023814,0,1,26.1023826999999,300,1000,10,6,0,0,575,0,26.1023577999995,300,1000,10,6,0,0,575,0,0,180,0
26.6042725999996,0,1,26.6042737999996,300,1000,10,6,0,0,575,0,26.6042526000001,300,1000,10,6,0,0,575,0,0,180,0
27.1057764999996,0,1,27.1057777999995,300,1000,10,6,0,0,575,0,27.1057571000001,300,1000,10,6,0,0,575,0,0,180,0
27.6062732999999,0,1,27.6062744999999,300,1000,10,6,0,0,575,0,27.6062538999995,300,1000,10,6,0,0,575,0,0,180,0
28.1084199999996,0,1,28.1084212999995,300,1000,10,6,0,0,575,0,28.1083982999999,300,1000,10,6,0,0,575,0,0,180,0
28.6087921999997,0,1,28.6087933999997,300,1000,10,6,0,0,575,0,28.6087695999995,300,1000,10,6,0,0,575,0,0,180,0
29.1108697,0,1,29.1108710999997,300,1000,10,6,0,0,575,0,29.11085,300,1000,10,6,0,0,575,0,0,180,0
29.6111923999997,0,1,29.6111935999998,300,1000,10,6,0,0,575,0,29.6111730000002,300,1000,10,6,0,0,575,0,0,180,0
30.1113348999997,0,1,30.1113360999998,300,1000,10,6,0,0,575,0,30.1113131000002,300,1000,10,6,0,0,575,0,0,180,0
30.6122252999994,0,1,30.6122266000002,300,1000,10,6,0,0,575,0,30.6122008000002,300,1000,10,6,0,0,575,0,0,180,0
31.1126936999999,0,1,31.1126949,300,1000,10,6,0,0,575,0,31.1126684999999,300,1000,10,6,0,0,575,0,0,180,0
31.6149299999997,0,1,31.6149316999999,300,1000,10,6,0,0,575,0,31.6149034,300,1000,10,6,0,0,575,0,0,180,0
32.1158973000001,0,1,32.1158988999996,300,1000,10,6,0,0,575,0,32.1158557999997,300,1000,10,6,0,0,575,0,0,180,0
32.6174665999997,0,1,32.6174681000002,300,1000,10,6,0,0,575,0,32.6174449999999,300,1000,10,6,0,0,575,0,0,180,0
33.1186983999996,0,1,33.1186996999995,300,1000,10,6,0,0,575,0,33.1186772999999,300,1000,10,6,0,0,575,0,0,180,0
33.6188682000002,0,1,33.6188694000002,300,1000,10,6,0,0,575,0,33.6188486999999,300,1000,10,6,0,0,575,0,0,180,0
34.1203532999998,0,1,34.1203550999999,300,1000,10,6,0,0,575,0,34.1203282999995,300,1000,10,6,0,0,575,0,0,180,0
34.6209258999997,0,1,34.6209270999998,300,1000,10,6,0,0,575,0,34.6209018999998,300,1000,10,6,0,0,575,0,0,180,0
35.1217544000001,0,2,35.1217556000001,300,1000,10,6,0,0,575,0,35.1217323999999,300,1000,10,6,0,0,575,0,0,180,0
35.6226065999999,0,2,35.6226079999997,300,1000,10,6,0,0,575,0,35.6225851999998,300,1000,10,6,0,0,575,0,0,180,0
36.1236953999996,0,2,36.123697,300,1000,10,6,0,0,575,0,36.1236736999999,300,1000,10,6,0,0,575,0,0,180,0
36.6254942999994,0,2,36.6254963000001,300,1000,10,6,0,0,575,0,36.6254651999998,300,1000,10,6,0,0,575,0,0,180,0
37.1261468000002,0,2,37.1261479999994,300,1000,10,6,0,0,575,0,37.1261218,300,1000,10,6,0,0,575,0,0,180,0
37.6287536999998,0,2,37.6287549999997,300,1000,10,6,0,0,575,0,37.6287296,300,1000,10,6,0,0,575,0,0,180,0
38.1319263999994,0,2,38.1319277000002,300,1000,10,6,0,0,575,0,38.1319033,300,1000,10,6,0,0,575,0,0,180,0
38.6339516999997,0,2,38.6339534999997,300,1000,10,6,0,0,575,0,38.6339303999994,300,1000,10,6,0,0,575,0,0,180,0
39.1368413,0,2,39.1368425999999,300,1000,10,6,0,0,575,0,39.1368175999996,300,1000,10,6,0,0,575,0,0,180,0
39.6383160999994,0,2,39.6383174000002,300,1000,10,6,0,0,575,0,39.6382960999999,300,1000,10,6,0,0,575,0,0,180,0
40.1391765999997,0,2,40.1391778999996,300,1000,10,6,0,0,575,0,40.1391564999994,300,1000,10,6,0,0,575,0,0,180,0
40.6392042999996,0,2,40.6392054999997,300,1000,10,6,0,0,575,0,40.6391844999998,300,1000,10,6,0,0,575,0,0,180,0
41.1395974999996,0,2,41.1395986999996,300,1000,10,6,0,0,575,0,41.1395696999998,300,1000,10,6,0,0,575,0,0,180,0
41.6403068999998,0,2,41.6403081999997,300,1000,10,6,0,0,575,0,41.6402864000002,300,1000,10,6,0,0,575,0,0,180,0
42.1411039999994,0,2,42.1411053000002,300,1000,10,6,0,0,575,0,42.1410728000001,300,1000,10,6,0,0,575,0,0,180,0
42.6429920999999,0,2,42.6429933999998,300,1000,10,6,0,0,575,0,42.6429738999996,300,1000,10,6,0,0,575,0,0,180,0
43.1451897999996,0,2,43.1451909999996,300,1000,10,6,0,0,575,0,43.1451704000001,300,1000,10,6,0,0,575,0,0,180,0
43.6484116000001,0,2,43.6484129,300,1000,10,6,0,0,575,0,43.6483889000001,300,1000,10,6,0,0,575,0,0,180,0
44.1488038999996,0,2,44.1488051999995,300,1000,10,6,0,0,575,0,44.1487823999996,300,1000,10,6,0,0,575,0,0,180,0
44.6499612999996,0,2,44.6499624999997,300,1000,10,6,0,0,575,0,44.6499371999998,300,1000,10,6,0,0,575,0,0,180,0
45.1500089000001,0,2,45.1500107000002,300,1000,10,6,0,0,575,0,45.1499868000001,300,1000,10,6,0,0,575,0,0,180,0
45.6520099999998,0,2,45.6520112999997,300,1000,10,6,0,0,575,0,45.6519877000001,300,1000,10,6,0,0,575,0,0,180,0
46.1522932999997,0,2,46.1522950999997,300,1000,10,6,0,0,575,0,46.1522740999999,300,1000,10,6,0,0,575,0,0,180,0
61.0353690000002,0,0,61.0353705999996,300,1000,10,6,0,0,575,0,61.0353280999998,300,1000,10,6,0,0,575,0,0,180,0
61.7238443999995,0,0,61.7238455999995,300,1000,10,6,0,0,575,0,61.7238208999997,300,1000,10,6,0,0,575,0,0,180,0
62.4284990999995,0,0,62.4285002999995,300,1000,10,6,0,0,575,0,62.4284774999996,300,1000,10,6,0,0,575,0,0,180,0
63.1433195,0,0,63.1433213,300,1000,10,6,0,0,575,0,63.1432923000002,300,1000,10,6,0,0,575,0,0,180,0
63.8599626999994,0,0,63.8599638999995,300,1000,10,6,0,0,575,0,63.8599402999998,300,1000,10,6,0,0,575,0,0,180,0
64.5660341000003,0,0,64.5660356999997,300,1000,10,6,0,0,575,0,64.5660112999994,300,1000,10,6,0,0,575,0,0,180,0
65.2560759999997,0,0,65.2560771999997,300,1000,10,6,0,0,575,0,65.2560511000001,300,1000,10,6,0,0,575,0,0,180,0
65.9535651999995,0,0,65.9535666000002,300,1000,10,6,0,0,575,0,65.9535417999996,300,1000,10,6,0,0,575,0,0,180,0
66.6585581999998,0,0,66.6585598000001,300,1000,10,6,0,0,575,0,66.6585374999995,300,1000,10,6,0,0,575,0,0,180,0
67.3561235999996,0,0,67.3561247999996,300,1000,10,6,0,0,575,0,67.3561006999998,300,1000,10,6,0,0,575,0,0,180,0
68.0663912999999,0,0,68.0663930000001,300,1000,10,6,0,0,575,0,68.0663671000002,300,1000,10,6,0,0,575,0,0,180,0
68.7656197999995,0,0,68.7656214999997,300,1000,10,6,0,0,575,0,68.7655948000001,300,1000,10,6,0,0,575,0,0,180,0
69.4507990000002,0,0,69.4508003000001,300,1000,10,6,0,0,575,0,69.4507723999996,300,1000,10,6,0,0,575,0,0,180,0
70.1547793,0,0,70.1547807999996,300,1000,10,6,0,0,575,0,70.1547542999997,300,1000,10,6,0,0,575,0,0,180,0
70.8383610999999,0,0,70.8383623,300,1000,10,6,0,0,575,0,70.8383400000002,300,1000,10,6,0,0,575,0,0,180,0
71.5545820999996,0,0,71.5545846999994,300,1000,10,6,0,0,575,0,71.5545584000001,300,1000,10,6,0,0,575,0,0,180,0
72.2472729000001,0,0,72.2472745999994,300,1000,10,6,0,0,575,0,72.2472502000001,300,1000,10,6,0,0,575,0,0,180,0
72.9299578999999,0,0,72.9299591999998,300,1000,10,6,0,0,575,0,72.9299279999996,300,1000,10,6,0,0,575,0,0,180,0
73.6325316000002,0,0,73.6325331999997,300,1000,10,6,0,0,575,0,73.6325090999999,300,1000,10,6,0,0,575,0,0,180,0
74.3172221999994,0,0,74.3172235000002,300,1000,10,6,0,0,575,0,74.3171967999997,300,1000,10,6,0,0,575,0,0,180,0
75.0198442999999,0,0,75.0198455999998,300,1000,10,6,0,0,575,0,75.0198197999998,300,1000,10,6,0,0,575,0,0,180,0
75.7339317999995,0,0,75.7339333999998,300,1000,10,6,0,0,575,0,75.7339099999999,300,1000,10,6,0,0,575,0,0,180,0
76.4241381000002,0,0,76.4241394000001,300,1000,10,6,0,0,575,0,76.4241147000002,300,1000,10,6,0,0,575,0,0,180,0
77.0365286999995,0,0,77.0365298999996,300,1000,10,6,0,0,575,0,77.0365078999994,300,1000,10,6,0,0,575,0,0,180,0
77.7427018999997,0,0,77.7427030999997,300,1000,10,6,0,0,575,0,77.7426810999996,300,1000,10,6,0,0,575,0,0,180,0
78.4197638999995,0,0,78.4197650999995,300,1000,10,6,0,0,575,0,78.4197398999995,300,1000,10,6,0,0,575,0,0,180,0
79.1202802999996,0,0,79.1202814999997,300,1000,10,6,0,0,575,0,79.1202556999997,300,1000,10,6,0,0,575,0,0,180,0
79.8026037,0,0,79.8026049999999,300,1000,10,6,0,0,575,0,79.8025827000001,300,1000,10,6,0,0,575,0,0,180,0
80.4830492000001,0,0,80.4830505,300,1000,10,6,0,0,575,0,80.4830280999995,300,1000,10,6,0,0,575,0,0,180,0
81.1766546999997,0,0,81.1766565999997,300,1000,10,6,0,0,575,0,81.1766266999994,300,1000,10,6,0,0,575,0,0,180,0
81.8531458999996,0,0,81.8531471999995,300,1000,10,6,0,0,575,0,81.8531247999999,300,1000,10,6,0,0,575,0,0,180,0
82.5432360999994,0,0,82.5432374000002,300,1000,10,6,0,0,575,0,82.5432172999999,300,1000,10,6,0,0,575,0,0,180,0
83.2293706999999,0,0,83.2293718999999,300,1000,10,6,0,0,575,0,83.2293494999994,300,1000,10,6,0,0,575,0,0,180,0
3.28371150000021,0,0,3.283727,300,1000,10,6,0,0,575,0,3.28144739999971,300,1000,10,6,0,0,575,0,0,180,0
3.78206380000029,0,0,3.78206500000033,300,1000,10,6,0,0,575,0,3.78204000000005,300,1000,10,6,0,0,575,0,0,180,0
4.28233040000032,0,0,4.28233160000036,300,1000,10,6,0,0,575,0,4.28231080000023,300,1000,10,6,0,0,575,0,0,180,0
4.7826783999999,0,0,4.78267969999979,300,1000,10,6,0,0,575,0,4.78265699999974,300,1000,10,6,0,0,575,0,0,180,0
5.28397469999982,0,0,5.28397599999971,300,1000,10,6,0,0,575,0,5.2839356000004,300,1000,10,6,0,0,575,0,0,180,0
5.78397159999986,0,0,5.7839727999999,300,1000,10,6,0,0,575,0,5.7839469999999,300,1000,10,6,0,0,575,0,0,180,0
6.28470730000026,0,0,6.28470850000031,300,1000,10,6,0,0,575,0,6.28468739999971,300,1000,10,6,0,0,575,0,0,180,0
6.78617310000027,0,0,6.78617440000016,300,1000,10,6,0,0,575,0,6.78615199999967,300,1000,10,6,0,0,575,0,0,180,0
7.28692539999975,0,0,7.28692659999979,300,1000,10,6,0,0,575,0,7.28690490000008,300,1000,10,6,0,0,575,0,0,180,0
7.78721880000012,0,0,7.78722000000016,300,1000,10,6,0,0,575,0,7.78719960000035,300,1000,10,6,0,0,575,0,0,180,0
8.28737449999971,0,0,8.28737580000052,300,1000,10,6,0,0,575,0,8.28735649999999,300,1000,10,6,0,0,575,0,0,180,0
8.78885199999968,0,0,8.78885369999989,300,1000,10,6,0,0,575,0,8.78883159999987,300,1000,10,6,0,0,575,0,0,180,0
9.28908750000028,0,0,9.28908880000017,300,1000,10,6,0,0,575,0,9.28906890000053,300,1000,10,6,0,0,575,0,0,180,0
9.78960999999981,0,1,9.78961179999988,300,1000,10,6,0,0,575,0,9.78959269999996,300,1000,10,6,0,0,575,0,0,180,0
10.2905548999997,0,1,10.2905562000005,300,1000,10,6,0,0,575,0,10.2905375999999,300,1000,10,6,0,0,575,0,0,180,0
10.7912508999998,0,1,10.7912523000005,300,1000,10,6,0,0,575,0,10.7912317,300,1000,10,6,0,0,575,0,0,180,0
11.2922469000005,0,2,11.2922482000004,300,1000,10,6,0,0,575,0,11.2922298000003,300,1000,10,6,0,0,575,0,0,180,0
11.7925789999999,0,2,11.7925802999998,300,1000,10,6,0,0,575,0,11.7925624999998,300,1000,10,6,0,0,575,0,0,180,0
12.2933444999999,0,2,12.2933457999998,300,1000,10,6,0,0,575,0,12.2933266,300,1000,10,6,0,0,575,0,0,180,0
12.9472059,0,0,12.9472076000002,300,1000,10,6,0,0,575,0,12.9471795999998,300,1000,10,6,0,0,575,0,0,180,0
13.6118662999997,0,0,13.6118674999998,300,1000,10,6,0,0,575,0,13.6118458000001,300,1000,10,6,0,0,575,0,0,180,0
14.2572657000001,0,0,14.257267,300,1000,10,6,0,0,575,0,14.2572461999998,300,1000,10,6,0,0,575,0,0,180,0
14.9054102,0,0,14.9054114999999,300,1000,10,6,0,0,575,0,14.9053896000005,300,1000,10,6,0,0,575,0,0,180,0
15.5917078000002,0,0,15.5917098999998,300,1000,10,6,0,0,575,0,15.5916735999999,300,1000,10,6,0,0,575,0,0,180,0
16.3071529999997,0,0,16.3071550000004,300,1000,10,6,0,0,575,0,16.3071207000003,300,1000,10,6,0,0,575,0,0,180,0
16.9670684000002,0,0,16.9670697000001,300,1000,10,6,0,0,575,0,16.9670426000002,300,1000,10,6,0,0,575,0,0,180,0
17.6828408000001,0,0,17.6828426000002,300,1000,10,6,0,0,575,0,17.6828148000004,300,1000,10,6,0,0,575,0,0,180,0
18.3258799000005,0,0,18.3258817000005,300,1000,10,6,0,0,575,0,18.325855,300,1000,10,6,0,0,575,0,0,180,0
19.1240102000002,0,0,19.1240115999999,300,1000,10,6,0,0,575,0,19.1239833999998,300,1000,10,6,0,0,575,0,0,180,0
19.8250567000005,0,0,19.8250579000005,300,1000,10,6,0,0,575,0,19.8250355999999,300,1000,10,6,0,0,575,0,0,180,0
20.4983536,0,0,20.4983549999997,300,1000,10,6,0,0,575,0,20.4983302000001,300,1000,10,6,0,0,575,0,0,180,0
21.1677576000002,0,0,21.1677589000001,300,1000,10,6,0,0,575,0,21.1677356999999,300,1000,10,6,0,0,575,0,0,180,0
21.8153315999998,0,0,21.8153328999997,300,1000,10,6,0,0,575,0,21.8153032,300,1000,10,6,0,0,575,0,0,180,0
3.53140410000015,0,0,3.53141359999972,300,1000,10,6,0,0,575,0,3.53056669999933,300,1000,10,6,0,0,575,0,0,180,0
4.04752939999889,0,0,4.04753059999894,300,1000,10,6,0,0,575,0,4.04750679999961,300,1000,10,6,0,0,575,0,0,180,0
4.54809550000027,0,0,4.54809670000031,300,1000,10,6,0,0,575,0,4.54807690000052,300,1000,10,6,0,0,575,0,0,180,0
5.04843380000057,0,0,5.04843499999879,300,1000,10,6,0,0,575,0,5.04841189999934,300,1000,10,6,0,0,575,0,0,180,0
5.54880989999947,0,0,5.54881139999998,300,1000,10,6,0,0,575,0,5.54879099999926,300,1000,10,6,0,0,575,0,0,180,0
6.04959969999982,0,0,6.0496009999988,300,1000,10,6,0,0,575,0,6.04958219999935,300,1000,10,6,0,0,575,0,0,180,0
6.54963119999957,0,0,6.54963270000007,300,1000,10,6,0,0,575,0,6.54961439999897,300,1000,10,6,0,0,575,0,0,180,0
7.04985420000048,0,1,7.04985549999947,300,1000,10,6,0,0,575,0,7.04983569999968,300,1000,10,6,0,0,575,0,0,180,0
7.54989819999901,0,1,7.54989949999981,300,1000,10,6,0,0,575,0,7.54987479999909,300,1000,10,6,0,0,575,0,0,180,0
8.05009119999886,0,1,8.0500923999989,300,1000,10,6,0,0,575,0,8.05007540000042,300,1000,10,6,0,0,575,0,0,180,0
8.55076310000004,0,1,8.55076430000008,300,1000,10,6,0,0,575,0,8.55074459999923,300,1000,10,6,0,0,575,0,0,180,0
9.05173959999956,0,2,9.05174079999961,300,1000,10,6,0,0,575,0,9.05171859999973,300,1000,10,6,0,0,575,0,0,180,0
9.55275339999935,0,2,9.55275450000045,300,1000,10,6,0,0,575,0,9.55273619999934,300,1000,10,6,0,0,575,0,0,180,0
10.0534749999988,0,2,10.0534762999996,300,1000,10,6,0,0,575,0,10.0534583999997,300,1000,10,6,0,0,575,0,0,180,0
10.5776545999997,0,0,10.5776559000005,300,1000,10,6,0,0,575,0,10.5776284000003,300,1000,10,6,0,0,575,0,0,180,0
11.2398125999989,0,0,11.2398138999997,300,1000,10,6,0,0,575,0,11.239793499999,300,1000,10,6,0,0,575,0,0,180,0
11.8939336000003,0,0,11.8939348000004,300,1000,10,6,0,0,575,0,11.8939141999999,300,1000,10,6,0,0,575,0,0,180,0
12.5528895999996,0,0,12.5528909999994,300,1000,10,6,0,0,575,0,12.5528642999998,300,1000,10,6,0,0,575,0,0,180,0
13.215777899999,0,0,13.2157791999998,300,1000,10,6,0,0,575,0,13.2157575000001,300,1000,10,6,0,0,575,0,0,180,0
24.2185193999994,0,1,13.4945184618646,300,1000,10,6,0,0,575,0,13.4944851618657,300,1000,10,6,0,0,575,0,0,180,0
15.5046229,0,0,15.5046323000006,300,1000,10,6,0,0,575,0,15.5037732000001,300,1000,10,6,0,0,575,0,0,180,0
16.0189805999998,0,0,16.0189817999999,300,1000,10,6,0,0,575,0,16.0189608000001,300,1000,10,6,0,0,575,0,0,180,0
16.5198357000008,0,0,16.5198369999998,300,1000,10,6,0,0,575,0,16.5198162000015,300,1000,10,6,0,0,575,0,0,180,0
17.0205343000016,0,0,17.0205356000006,300,1000,10,6,0,0,575,0,17.0205137000012,300,1000,10,6,0,0,575,0,0,180,0
17.5215433000012,0,0,17.5215446000002,300,1000,10,6,0,0,575,0,17.5215240000016,300,1000,10,6,0,0,575,0,0,180,0
18.0224114000011,0,0,18.0224127000001,300,1000,10,6,0,0,575,0,18.0223907,300,1000,10,6,0,0,575,0,0,180,0
18.523538200001,0,0,18.5235398000004,300,1000,10,6,0,0,575,0,18.5234016000013,300,1000,10,6,0,0,575,0,0,180,0
19.0242249000003,0,0,19.0242262000011,300,1000,10,6,0,0,575,0,19.0242036,300,1000,10,6,0,0,575,0,0,180,0
19.5253361000014,0,1,19.5253378000016,300,1000,10,6,0,0,575,0,19.5253149,300,1000,10,6,0,0,575,0,0,180,0
20.0260950000011,0,1,20.0260963000001,300,1000,10,6,0,0,575,0,20.0260732000006,300,1000,10,6,0,0,575,0,0,180,0
20.5264946000007,0,1,20.5264959000015,300,1000,10,6,0,0,575,0,20.5264748999998,300,1000,10,6,0,0,575,0,0,180,0
21.0273035000009,0,1,21.0273056000005,300,1000,10,6,0,0,575,0,21.0272677000012,300,1000,10,6,0,0,575,0,0,180,0
21.5275287000004,0,1,21.5275300000012,300,1000,10,6,0,0,575,0,21.5275029000004,300,1000,10,6,0,0,575,0,0,180,0
22.0277219,0,2,22.0277240000014,300,1000,10,6,0,0,575,0,22.0277027000011,300,1000,10,6,0,0,575,0,0,180,0
22.5285371000009,0,2,22.5285388000011,300,1000,10,6,0,0,575,0,22.5285170000006,300,1000,10,6,0,0,575,0,0,180,0
23.0295299999998,0,2,23.0295311000009,300,1000,10,6,0,0,575,0,23.0295117000005,300,1000,10,6,0,0,575,0,0,180,0
23.6815561000003,0,0,23.6815573000003,300,1000,10,6,0,0,575,0,23.6815368000007,300,1000,10,6,0,0,575,0,0,180,0
24.3562149000009,0,0,24.3562163000006,300,1000,10,6,0,0,575,0,24.3561948000006,300,1000,10,6,0,0,575,0,0,180,0
25.0548073000009,0,0,25.0548085999999,300,1000,10,6,0,0,575,0,25.0547873000014,300,1000,10,6,0,0,575,0,0,180,0
25.7295531,0,0,25.7295547000012,300,1000,10,6,0,0,575,0,25.7295278000001,300,1000,10,6,0,0,575,0,0,180,0
26.4652646000013,0,0,26.4652659000003,300,1000,10,6,0,0,575,0,26.4652455000014,300,1000,10,6,0,0,575,0,0,180,0
26.9710658000004,0,0,26.9710671000012,300,1000,10,6,0,0,575,0,26.9710431000003,300,1000,10,6,0,0,575,0,0,180,0
27.6652791000015,0,0,27.6652804000005,300,1000,10,6,0,0,575,0,27.6652549999999,300,1000,10,6,0,0,575,0,0,180,0
3.34138220000023,0,0,3.34139760000107,300,1000,10,6,0,0,575,0,3.33962550000069,300,1000,10,6,0,0,575,0,0,180,0
3.83986010000081,0,0,3.83986139999979,300,1000,10,6,0,0,575,0,3.83983700000135,300,1000,10,6,0,0,575,0,0,180,0
4.34034210000027,0,0,4.34034340000107,300,1000,10,6,0,0,575,0,4.34032410000145,300,1000,10,6,0,0,575,0,0,180,0
4.84075780000057,0,0,4.84075900000062,300,1000,10,6,0,0,575,0,4.84073910000006,300,1000,10,6,0,0,575,0,0,180,0
5.3413629000006,0,0,5.34136420000141,300,1000,10,6,0,0,575,0,5.34134540000014,300,1000,10,6,0,0,575,0,0,180,0
5.84153650000007,0,0,5.84153780000088,300,1000,10,6,0,0,575,0,5.84151810000003,300,1000,10,6,0,0,575,0,0,180,0
6.34240839999984,0,0,6.34240959999988,300,1000,10,6,0,0,575,0,6.34238820000064,300,1000,10,6,0,0,575,0,0,180,0
6.84439100000054,0,0,6.84439230000135,300,1000,10,6,0,0,575,0,6.84437050000088,300,1000,10,6,0,0,575,0,0,180,0
3.34783560000142,0,0,3.34784570000011,300,1000,10,6,0,0,575,0,3.34652690000075,300,1000,10,6,0,0,575,0,0,180,0
3.84706420000111,0,0,3.8470655000001,300,1000,10,6,0,0,575,0,3.84704490000149,300,1000,10,6,0,0,575,0,0,180,0
4.34804030000123,0,0,4.34804160000022,300,1000,10,6,0,0,575,0,4.34800020000148,300,1000,10,6,0,0,575,0,0,180,0
4.84880169999997,0,0,4.84880310000153,300,1000,10,6,0,0,575,0,4.84877290000077,300,1000,10,6,0,0,575,0,0,180,0
5.34916500000145,0,0,5.34916630000043,300,1000,10,6,0,0,575,0,5.34914280000157,300,1000,10,6,0,0,575,0,0,180,0
5.8491869999998,0,0,5.84918870000001,300,1000,10,6,0,0,575,0,5.84916750000048,300,1000,10,6,0,0,575,0,0,180,0
6.34971970000151,0,0,6.34972090000156,300,1000,10,6,0,0,575,0,6.34970310000062,300,1000,10,6,0,0,575,0,0,180,0
6.8501739000003,0,1,6.85017590000098,300,1000,10,6,0,0,575,0,6.85014899999987,300,1000,10,6,0,0,575,0,0,180,0
7.35095420000107,0,1,7.35095590000128,300,1000,10,6,0,0,575,0,7.35093570000026,300,1000,10,6,0,0,575,0,0,180,0
7.85179380000045,0,1,7.8517967000007,300,1000,10,6,0,0,575,0,7.85177740000108,300,1000,10,6,0,0,575,0,0,180,0
8.35186170000088,0,2,8.3518636000008,300,1000,10,6,0,0,575,0,8.35184509999999,300,1000,10,6,0,0,575,0,0,180,0
8.85291670000151,0,2,8.85291920000054,300,1000,10,6,0,0,575,0,8.85288690000016,300,1000,10,6,0,0,575,0,0,180,0
9.35379260000082,0,2,9.3537948000012,300,1000,10,6,0,0,575,0,9.35377599999993,300,1000,10,6,0,0,575,0,0,180,0
9.85484180000094,0,0,9.85484300000098,300,1000,10,6,0,0,575,0,9.85482290000073,300,1000,10,6,0,0,575,0,0,180,0
10.3557642000014,0,0,10.3557654000015,300,1000,10,6,0,0,575,0,10.3557461,300,1000,10,6,0,0,575,0,0,180,0
10.8561133000003,0,0,10.8561145000003,300,1000,10,6,0,0,575,0,10.8560947000005,300,1000,10,6,0,0,575,0,0,180,0
11.3568738000013,0,0,11.3568757000012,300,1000,10,6,0,0,575,0,11.3568577000005,300,1000,10,6,0,0,575,0,0,180,0
11.8569664000006,0,0,11.8569684000013,300,1000,10,6,0,0,575,0,11.8569435000009,300,1000,10,6,0,0,575,0,0,180,0
12.3576738000011,0,1,3.03171207967534,300,1000,10,6,0,0,575,0,3.03169167967644,300,1000,10,6,0,0,575,0,0,180,0
12.8582231,0,1,3.53226147967507,300,1000,10,6,0,0,575,0,3.53224107967617,300,1000,10,6,0,0,575,0,0,180,0
13.3585399000003,0,1,4.03257847967689,300,1000,10,6,0,0,575,0,4.03255527967667,300,1000,10,6,0,0,575,0,0,180,0
13.8596720000005,0,1,4.5337102796766,300,1000,10,6,0,0,575,0,4.53369147967533,300,1000,10,6,0,0,575,0,0,180,0
14.3604664000013,0,1,5.03450467967559,300,1000,10,6,0,0,575,0,5.03448407967517,300,1000,10,6,0,0,575,0,0,180,0
14.8621972000001,0,1,5.53623547967618,300,1000,10,6,0,0,575,0,5.53621437967558,300,1000,10,6,0,0,575,0,0,180,0
15.3630186000009,0,1,6.03705697967598,300,1000,10,6,0,0,575,0,6.03703837967623,300,1000,10,6,0,0,575,0,0,180,0
15.8634263000004,0,1,6.53746457967645,300,1000,10,6,0,0,575,0,6.5374446796759,300,1000,10,6,0,0,575,0,0,180,0
16.3645022000001,0,1,7.03854047967616,300,1000,10,6,0,0,575,0,7.03852177967565,300,1000,10,6,0,0,575,0,0,180,0
16.8650635000013,0,2,3.01283703532863,300,1000,10,6,0,0,575,0,3.01281573532833,300,1000,10,6,0,0,575,0,0,180,0
17.3651094000015,0,2,3.51288313532859,300,1000,10,6,0,0,575,0,3.51286093532872,300,1000,10,6,0,0,575,0,0,180,0
17.8653209000004,0,2,4.01309413532726,300,1000,10,6,0,0,575,0,4.01307153532798,300,1000,10,6,0,0,575,0,0,180,0
18.3719493000008,0,2,4.5197231353286,300,1000,10,6,0,0,575,0,4.51969653532797,300,1000,10,6,0,0,575,0,0,180,0
18.8720996000011,0,2,5.01987543532778,300,1000,10,6,0,0,575,0,5.01985483532735,300,1000,10,6,0,0,575,0,0,180,0
19.3724629000008,0,3,3.09110357378086,300,1000,10,6,0,0,575,0,3.09108497377929,300,1000,10,6,0,0,575,0,0,180,0
19.8730692000008,0,3,3.59171027378034,300,1000,10,6,0,0,575,0,3.59168987377961,300,1000,10,6,0,0,575,0,0,180,0
20.3742376000009,0,3,4.09287887378014,300,1000,10,6,0,0,575,0,4.09285807378001,300,1000,10,6,0,0,575,0,0,180,0
20.8747331000013,0,4,3.00574776289068,300,1000,10,6,0,0,575,0,3.0057296628911,300,1000,10,6,0,0,575,0,0,180,0
21.3747827000007,0,4,3.5057967628909,300,1000,10,6,0,0,575,0,3.50577236289064,300,1000,10,6,0,0,575,0,0,180,0
21.8762227000007,0,4,4.00723586289132,300,1000,10,6,0,0,575,0,4.00721706289187,300,1000,10,6,0,0,575,0,0,180,0
3.56639920000089,0,0,3.56640900000093,300,1000,10,6,0,0,575,0,3.56496669999979,300,1000,10,6,0,0,575,0,0,180,0
4.06948720000037,0,0,4.06948890000058,300,1000,10,6,0,0,575,0,4.06946419999986,300,1000,10,6,0,0,575,0,0,180,0
4.56974500000069,0,0,4.56974620000074,300,1000,10,6,0,0,575,0,4.56972870000027,300,1000,10,6,0,0,575,0,0,180,0
5.06978030000028,0,0,5.06978150000032,300,1000,10,6,0,0,575,0,5.06976100000065,300,1000,10,6,0,0,575,0,0,180,0
5.57074370000009,0,0,5.57074490000014,300,1000,10,6,0,0,575,0,5.57072470000094,300,1000,10,6,0,0,575,0,0,180,0
6.07075009999971,0,0,6.07075150000128,300,1000,10,6,0,0,575,0,6.07072960000005,300,1000,10,6,0,0,575,0,0,180,0
6.57193600000028,0,0,6.57193750000079,300,1000,10,6,0,0,575,0,6.57191510000121,300,1000,10,6,0,0,575,0,0,180,0
7.07211350000034,0,0,7.07211480000115,300,1000,10,6,0,0,575,0,7.07209420000072,300,1000,10,6,0,0,575,0,0,180,0
7.57221130000107,0,1,7.57221270000082,300,1000,10,6,0,0,575,0,7.57218640000065,300,1000,10,6,0,0,575,0,0,180,0
8.07324640000115,0,1,8.07324770000014,300,1000,10,6,0,0,575,0,8.07322490000115,300,1000,10,6,0,0,575,0,0,180,0
8.5734424000002,0,1,8.57344410000042,300,1000,10,6,0,0,575,0,8.57341420000012,300,1000,10,6,0,0,575,0,0,180,0
9.07482040000104,0,1,9.07482170000003,300,1000,10,6,0,0,575,0,9.0747964000002,300,1000,10,6,0,0,575,0,0,180,0
9.5756693000003,0,2,9.57567070000005,300,1000,10,6,0,0,575,0,9.57564740000089,300,1000,10,6,0,0,575,0,0,180,0
10.0757719000012,0,2,10.0757731000012,300,1000,10,6,0,0,575,0,10.0757548000001,300,1000,10,6,0,0,575,0,0,180,0
10.5758763000013,0,2,10.5758775000013,300,1000,10,6,0,0,575,0,10.5758561000002,300,1000,10,6,0,0,575,0,0,180,0
11.0759498999996,0,0,11.0759512000004,300,1000,10,6,0,0,575,0,11.0759278000005,300,1000,10,6,0,0,575,0,0,180,0
11.5769342000003,0,0,11.5769354000004,300,1000,10,6,0,0,575,0,11.5769104999999,300,1000,10,6,0,0,575,0,0,180,0
12.077399400001,0,0,12.0774007,300,1000,10,6,0,0,575,0,12.0773786000009,300,1000,10,6,0,0,575,0,0,180,0
12.577781,0,0,12.5777823000008,300,1000,10,6,0,0,575,0,12.5777606000011,300,1000,10,6,0,0,575,0,0,180,0
13.0787349000002,0,0,13.078736200001,300,1000,10,6,0,0,575,0,13.0787146000002,300,1000,10,6,0,0,575,0,0,180,0
13.5789132000009,0,1,2.98685757191197,300,1000,10,6,0,0,575,0,2.98683547191285,300,1000,10,6,0,0,575,0,0,180,0
14.0860740999997,0,1,3.4940181719121,300,1000,10,6,0,0,575,0,3.49398987191125,300,1000,10,6,0,0,575,0,0,180,0
14.5870152999996,0,1,3.99495937191205,300,1000,10,6,0,0,575,0,3.99493887191238,300,1000,10,6,0,0,575,0,0,180,0
15.0873404000013,0,2,2.95779899555782,300,1000,10,6,0,0,575,0,2.95777819555769,300,1000,10,6,0,0,575,0,0,180,0
15.5877277,0,2,3.45818639555728,300,1000,10,6,0,0,575,0,3.45816709555766,300,1000,10,6,0,0,575,0,0,180,0
16.0881086000009,0,2,3.95856659555648,300,1000,10,6,0,0,575,0,3.95854509555647,300,1000,10,6,0,0,575,0,0,180,0
16.589625300001,0,3,3.00241939846273,300,1000,10,6,0,0,575,0,3.00236049846171,300,1000,10,6,0,0,575,0,0,180,0
17.0901231999997,0,3,3.50291479846237,300,1000,10,6,0,0,575,0,3.50289239846279,300,1000,10,6,0,0,575,0,0,180,0
17.5901052999998,0,3,4.00289799846178,300,1000,10,6,0,0,575,0,4.00287309846317,300,1000,10,6,0,0,575,0,0,180,0
18.0915721000001,0,4,3.02040565413881,300,1000,10,6,0,0,575,0,3.0203824541386,300,1000,10,6,0,0,575,0,0,180,0
18.5922108000013,0,4,3.52104425413927,300,1000,10,6,0,0,575,0,3.52102435413872,300,1000,10,6,0,0,575,0,0,180,0
19.0928653999999,0,4,4.02169875413892,300,1000,10,6,0,0,575,0,4.02167995413947,300,1000,10,6,0,0,575,0,0,180,0
19.5936676000001,0,5,2.99644953283678,300,1000,10,6,0,0,575,0,2.99642663283703,300,1000,10,6,0,0,575,0,0,180,0
20.0941395000009,0,5,3.49692133283679,300,1000,10,6,0,0,575,0,3.49689663283789,300,1000,10,6,0,0,575,0,0,180,0
20.5946753000007,0,5,3.99745713283664,300,1000,10,6,0,0,575,0,3.99743333283732,300,1000,10,6,0,0,575,0,0,180,0
21.0947628000013,0,6,2.9865661341064,300,1000,10,6,0,0,575,0,2.98654233410707,300,1000,10,6,0,0,575,0,0,180,0
21.595345400001,0,6,3.48714893410761,300,1000,10,6,0,0,575,0,3.4871175341068,300,1000,10,6,0,0,575,0,0,180,0
22.0958449000009,0,6,3.98764893410771,300,1000,10,6,0,0,575,0,3.98761893410665,300,1000,10,6,0,0,575,0,0,180,0
22.5963045999997,0,7,2.77653508701223,300,1000,10,6,0,0,575,0,2.77651378701194,300,1000,10,6,0,0,575,0,0,180,0
23.0970969000009,0,7,3.27732758701131,300,1000,10,6,0,0,575,0,3.27730688701195,300,1000,10,6,0,0,575,0,0,180,0
23.5981351999999,0,7,3.77836568701241,300,1000,10,6,0,0,575,0,3.77834838701165,300,1000,10,6,0,0,575,0,0,180,0
24.0991054000006,0,7,4.27933598701202,300,1000,10,6,0,0,575,0,4.2793138870129,300,1000,10,6,0,0,575,0,0,180,0
24.5998087999997,0,7,4.78003938701295,300,1000,10,6,0,0,575,0,4.7800209870129,300,1000,10,6,0,0,575,0,0,180,0
25.1009360000007,0,7,5.28116658701219,300,1000,10,6,0,0,575,0,5.28114788701168,300,1000,10,6,0,0,575,0,0,180,0
25.6014742000007,0,7,5.78170478701213,300,1000,10,6,0,0,575,0,5.78168658701179,300,1000,10,6,0,0,575,0,0,180,0
26.1015834000009,0,7,6.28181448701253,300,1000,10,6,0,0,575,0,6.28179318701223,300,1000,10,6,0,0,575,0,0,180,0
26.6022940000003,0,7,6.78252458701172,300,1000,10,6,0,0,575,0,6.78250618701168,300,1000,10,6,0,0,575,0,0,180,0
27.1027903000013,0,7,7.28302088701275,300,1000,10,6,0,0,575,0,7.2830009870122,300,1000,10,6,0,0,575,0,0,180,0
27.6031378000007,0,7,7.78336898701127,300,1000,10,6,0,0,575,0,7.78335008701288,300,1000,10,6,0,0,575,0,0,180,0
28.1032353999999,0,7,8.28346588701243,300,1000,10,6,0,0,575,0,8.28344708701297,300,1000,10,6,0,0,575,0,0,180,0
28.6032782000002,0,7,8.78350898701137,300,1000,10,6,0,0,575,0,8.7834880870123,300,1000,10,6,0,0,575,0,0,180,0
29.1034099000008,0,7,9.28364048701224,300,1000,10,6,0,0,575,0,9.28362128701156,300,1000,10,6,0,0,575,0,0,180,0
29.6036571000004,0,7,9.78388788701159,300,1000,10,6,0,0,575,0,9.78386778701133,300,1000,10,6,0,0,575,0,0,180,0
30.1047957999999,0,7,10.2850272870128,300,1000,10,6,0,0,575,0,10.2850010870116,300,1000,10,6,0,0,575,0,0,180,0
30.6063522000004,0,7,10.7865826870129,300,1000,10,6,0,0,575,0,10.7865650870117,300,1000,10,6,0,0,575,0,0,180,0
31.1068566000013,0,7,11.2870871870127,300,1000,10,6,0,0,575,0,11.2870666870131,300,1000,10,6,0,0,575,0,0,180,0
31.6076646000001,0,7,11.7878950870127,300,1000,10,6,0,0,575,0,11.7878717870117,300,1000,10,6,0,0,575,0,0,180,0
32.1092616000005,0,7,12.2894924870125,300,1000,10,6,0,0,575,0,12.2894688870128,300,1000,10,6,0,0,575,0,0,180,0
32.6102627,0,7,12.7904932870115,300,1000,10,6,0,0,575,0,12.7904733870128,300,1000,10,6,0,0,575,0,0,180,0
