3.84750969999914,0,0,3.84751109999979,300,1000,10,6,0,0,575,0,3.84734369999933,300,1000,10,6,0,0,575,0,0,1.26,-3.8
4.06169609999961,0,0,4.06169759999921,300,1000,10,6,0,0,575,0,4.06167669999923,300,1000,10,6,0,0,575,0,0,1.26,-3.8
4.56100269999934,0,0,4.56100489999972,300,1000,10,6,0,0,575,0,4.56098919999931,300,1000,10,6,0,0,575,0,0,1.26,-3.8
5.0623657999995,0,0,5.06236689999969,300,1000,10,6,0,0,575,0,5.0623515999996,300,1000,10,6,0,0,575,0,0,1.26,-3.8
5.56412809999983,0,0,5.5641298999999,300,1000,10,6,0,0,575,0,5.56411039999966,300,1000,10,6,0,0,575,0,0,1.26,-3.8
6.06667979999929,0,0,6.06668639999953,300,1000,10,6,0,0,575,0,6.0666640999998,300,1000,10,6,0,0,575,0,0,1.26,-3.8
6.56565399999999,0,0,6.56565509999928,300,1000,10,6,0,0,575,0,6.5656414999994,300,1000,10,6,0,0,575,0,0,1.26,-3.8
7.06585329999962,0,0,7.06585439999981,300,1000,10,6,0,0,575,0,7.0658386999994,300,1000,10,6,0,0,575,0,0,1.26,-3.8
7.5676885999992,0,0,7.56768999999986,300,1000,10,6,0,0,575,0,7.56767499999933,300,1000,10,6,0,0,575,0,0,1.26,-3.8
8.06827499999963,0,0,8.06827609999982,300,1000,10,6,0,0,575,0,8.06826009999986,300,1000,10,6,0,0,575,0,0,1.26,-3.8
8.57074049999937,0,0,8.57074169999942,300,1000,10,6,0,0,575,0,8.57071899999937,300,1000,10,6,0,0,575,0,0,1.26,-3.8
9.07176169999912,0,0,9.07176289999916,300,1000,10,6,0,0,575,0,9.07174849999956,300,1000,10,6,0,0,575,0,0,1.26,-3.8
9.57239449999997,0,0,9.57239619999928,300,1000,10,6,0,0,575,0,9.57237629999963,300,1000,10,6,0,0,575,0,0,1.26,-3.8
10.0744396999999,0,0,10.0744407999991,300,1000,10,6,0,0,575,0,10.0744274999997,300,1000,10,6,0,0,575,0,0,1.26,-3.8
10.5746838999994,0,0,10.5746850999994,300,1000,10,6,0,0,575,0,10.5746706,300,1000,10,6,0,0,575,0,0,1.26,-3.8
11.0748100999999,0,0,11.0748113999998,300,1000,10,6,0,0,575,0,11.0747908999992,300,1000,10,6,0,0,575,0,0,1.26,-3.8
11.5761569999995,0,0,11.5761583999993,300,1000,10,6,0,0,575,0,11.5761393999992,300,1000,10,6,0,0,575,0,0,1.26,-3.8
12.0776378999999,0,0,12.0776397,300,1000,10,6,0,0,575,0,12.0776201999997,300,1000,10,6,0,0,575,0,0,1.26,-3.8
12.5791134999999,0,0,12.5791147,300,1000,10,6,0,0,575,0,12.5790969,300,1000,10,6,0,0,575,0,0,1.26,-3.8
13.0801708999998,0,0,13.0801734999995,300,1000,10,6,0,0,575,0,13.0801517999998,300,1000,10,6,0,0,575,0,0,1.26,-3.8
13.5806908999994,0,0,13.5806920999994,300,1000,10,6,0,0,575,0,13.5806755999993,300,1000,10,6,0,0,575,0,0,1.26,-3.8
14.0809100999995,0,0,14.0809116999999,300,1000,10,6,0,0,575,0,14.0808970999997,300,1000,10,6,0,0,575,0,0,1.26,-3.8
14.5827589999999,0,0,14.5827600999992,300,1000,10,6,0,0,575,0,14.5827439999994,300,1000,10,6,0,0,575,0,0,1.26,-3.8
15.0828487999997,0,0,15.0828498999999,300,1000,10,6,0,0,575,0,15.0828362999991,300,1000,10,6,0,0,575,0,0,1.26,-3.8
15.5830496999997,0,0,15.5830509999996,300,1000,10,6,0,0,575,0,15.5830301999995,300,1000,10,6,0,0,575,0,0,1.26,-3.8
16.0846485999991,0,0,16.0846496999993,300,1000,10,6,0,0,575,0,16.0846340999997,300,1000,10,6,0,0,575,0,0,1.26,-3.8
16.5858220999999,0,0,16.5858232999999,300,1000,10,6,0,0,575,0,16.5858075999995,300,1000,10,6,0,0,575,0,0,1.26,-3.8
17.0859443999998,0,0,17.0859455999998,300,1000,10,6,0,0,575,0,17.0859303999996,300,1000,10,6,0,0,575,0,0,1.26,-3.8
17.5878918999997,0,0,17.5878930999997,300,1000,10,6,0,0,575,0,17.5878776,300,1000,10,6,0,0,575,0,0,1.26,-3.8
18.0895799,0,0,18.0895812999997,300,1000,10,6,0,0,575,0,18.0895622999997,300,1000,10,6,0,0,575,0,0,1.26,-3.8
18.5897066999996,0,0,18.5897078999997,300,1000,10,6,0,0,575,0,18.5896912999997,300,1000,10,6,0,0,575,0,0,1.26,-3.8
19.0917672999994,0,0,19.0917684999995,300,1000,10,6,0,0,575,0,19.0917538999993,300,1000,10,6,0,0,575,0,0,1.26,-3.8
19.5920223999992,0,0,19.5920235999993,300,1000,10,6,0,0,575,0,19.5920092999995,300,1000,10,6,0,0,575,0,0,1.26,-3.8
21.1710956999996,0,1,21.1710969999995,300,1000,10,6,0,0,575,0,21.1710490999994,300,1000,10,6,0,0,575,0,0,1.26,-3.8
21.2402623999997,0,1,21.2402636999996,300,1000,10,6,0,0,575,0,21.2402490999993,300,1000,10,6,0,0,575,0,0,1.26,-3.8
21.7427329000002,0,1,21.7427340999993,300,1000,10,6,0,0,575,0,21.7427186999994,300,1000,10,6,0,0,575,0,0,1.26,-3.8
22.2479426999998,0,1,22.2479438999999,300,1000,10,6,0,0,575,0,22.2479303,300,1000,10,6,0,0,575,0,0,1.26,-3.8
22.7481582,0,1,22.7481594999999,300,1000,10,6,0,0,575,0,22.7481450999994,300,1000,10,6,0,0,575,0,0,1.26,-3.8
23.2499487999994,0,1,23.2499499999994,300,1000,10,6,0,0,575,0,23.2499332999996,300,1000,10,6,0,0,575,0,0,1.26,-3.8
23.7533364999999,0,1,23.7533377,300,1000,10,6,0,0,575,0,23.7533233999993,300,1000,10,6,0,0,575,0,0,1.26,-3.8
24.2599445999995,0,1,24.2599458999994,300,1000,10,6,0,0,575,0,24.2599231999993,300,1000,10,6,0,0,575,0,0,1.26,-3.8
24.7680528999999,0,1,24.7680546000001,300,1000,10,6,0,0,575,0,24.7680387999999,300,1000,10,6,0,0,575,0,0,1.26,-3.8
25.2682722999998,0,1,25.2682735999997,300,1000,10,6,0,0,575,0,25.2682599999998,300,1000,10,6,0,0,575,0,0,1.26,-3.8
25.7687796,0,1,25.7687808000001,300,1000,10,6,0,0,575,0,25.7687655,300,1000,10,6,0,0,575,0,0,1.26,-3.8
26.2714882999999,0,1,26.2714894999999,300,1000,10,6,0,0,575,0,26.2714706999996,300,1000,10,6,0,0,575,0,0,1.26,-3.8
26.7715425999995,0,1,26.7715437999996,300,1000,10,6,0,0,575,0,26.7715291999993,300,1000,10,6,0,0,575,0,0,1.26,-3.8
27.2734116000001,0,1,27.2734129,300,1000,10,6,0,0,575,0,27.2733945,300,1000,10,6,0,0,575,0,0,1.26,-3.8
27.7749819000001,0,1,27.7749835999994,300,1000,10,6,0,0,575,0,27.7749604999999,300,1000,10,6,0,0,575,0,0,1.26,-3.8
28.2784187999996,0,1,28.2784206999995,300,1000,10,6,0,0,575,0,28.2783982999999,300,1000,10,6,0,0,575,0,0,1.26,-3.8
28.7796987000002,0,1,28.7796999000002,300,1000,10,6,0,0,575,0,28.7796834000001,300,1000,10,6,0,0,575,0,0,1.26,-3.8
7.68592420000004,0,0,7.68592569999964,300,1000,10,6,0,0,575,0,7.6857742000002,300,1000,10,6,0,0,575,0,0,1.26,-3.8
7.74621479999951,0,0,7.7462158999997,300,1000,10,6,0,0,575,0,7.74620140000025,300,1000,10,6,0,0,575,0,0,1.26,-3.8
8.24027999999998,0,0,8.24028110000017,300,1000,10,6,0,0,575,0,8.24026799999956,300,1000,10,6,0,0,575,0,0,1.26,-3.8
8.74194639999951,0,0,8.74194780000016,300,1000,10,6,0,0,575,0,8.74192649999986,300,1000,10,6,0,0,575,0,0,1.26,-3.8
9.24285739999959,0,0,9.24285849999978,300,1000,10,6,0,0,575,0,9.24283970000033,300,1000,10,6,0,0,575,0,0,1.26,-3.8
9.7439704999997,0,0,9.74397169999975,300,1000,10,6,0,0,575,0,9.74395670000013,300,1000,10,6,0,0,575,0,0,1.26,-3.8
10.2459335000003,0,0,10.2459347000004,300,1000,10,6,0,0,575,0,10.2459204999996,300,1000,10,6,0,0,575,0,0,1.26,-3.8
3.35316320000038,0,0,3.35316550000061,300,1000,10,6,0,0,575,0,3.3529325999998,300,1000,10,6,0,0,575,0,0,1.26,-3.8
3.86961059999976,0,0,3.8696117999998,300,1000,10,6,0,0,575,0,3.86959560000014,300,1000,10,6,0,0,575,0,0,1.26,-3.8
4.36984630000006,0,0,4.36984740000025,300,1000,10,6,0,0,575,0,4.36983299999974,300,1000,10,6,0,0,575,0,0,1.26,-3.8
4.87114610000026,0,0,4.8711473000003,300,1000,10,6,0,0,575,0,4.8711303,300,1000,10,6,0,0,575,0,0,1.26,-3.8
5.37145810000038,0,0,5.37145930000042,300,1000,10,6,0,0,575,0,5.37144260000059,300,1000,10,6,0,0,575,0,0,1.26,-3.8
5.87245220000023,0,0,5.87245340000027,300,1000,10,6,0,0,575,0,5.87243360000048,300,1000,10,6,0,0,575,0,0,1.26,-3.8
6.37507540000024,0,0,6.37507660000028,300,1000,10,6,0,0,575,0,6.37505239999973,300,1000,10,6,0,0,575,0,0,1.26,-3.8
6.87527870000031,0,0,6.87527990000035,300,1000,10,6,0,0,575,0,6.87526200000048,300,1000,10,6,0,0,575,0,0,1.26,-3.8
7.37717729999986,0,0,7.37717859999975,300,1000,10,6,0,0,575,0,7.37715600000047,300,1000,10,6,0,0,575,0,0,1.26,-3.8
7.87805230000049,0,0,7.87805360000038,300,1000,10,6,0,0,575,0,7.87803460000032,300,1000,10,6,0,0,575,0,0,1.26,-3.8
8.38059510000039,0,0,8.38059650000014,300,1000,10,6,0,0,575,0,8.38057759999992,300,1000,10,6,0,0,575,0,0,1.26,-3.8
8.88286410000001,0,0,8.88286580000022,300,1000,10,6,0,0,575,0,8.88284840000051,300,1000,10,6,0,0,575,0,0,1.26,-3.8
9.38405320000038,0,0,9.38405440000042,300,1000,10,6,0,0,575,0,9.38403990000006,300,1000,10,6,0,0,575,0,0,1.26,-3.8
9.88467600000058,0,0,9.88467709999986,300,1000,10,6,0,0,575,0,9.8846594000006,300,1000,10,6,0,0,575,0,0,1.26,-3.8
10.3882709,0,0,10.3882727999999,300,1000,10,6,0,0,575,0,10.3882401999999,300,1000,10,6,0,0,575,0,0,1.26,-3.8
10.8854689,0,0,10.8854701999999,300,1000,10,6,0,0,575,0,10.8854552000003,300,1000,10,6,0,0,575,0,0,1.26,-3.8
11.3869011000006,0,0,11.3869022999997,300,1000,10,6,0,0,575,0,11.3868849,300,1000,10,6,0,0,575,0,0,1.26,-3.8
11.8873854000003,0,0,11.8873871000005,300,1000,10,6,0,0,575,0,11.8873706000004,300,1000,10,6,0,0,575,0,0,1.26,-3.8
12.3881062,0,0,12.3881073000002,300,1000,10,6,0,0,575,0,12.3880921,300,1000,10,6,0,0,575,0,0,1.26,-3.8
12.8897820000002,0,0,12.8897833000001,300,1000,10,6,0,0,575,0,12.8897648000002,300,1000,10,6,0,0,575,0,0,1.26,-3.8
13.3899765000006,0,0,13.3899775999998,300,1000,10,6,0,0,575,0,13.3899614000002,300,1000,10,6,0,0,575,0,0,1.26,-3.8
13.8912556000005,0,0,13.8912569000004,300,1000,10,6,0,0,575,0,13.8912334000006,300,1000,10,6,0,0,575,0,0,1.26,-3.8
14.3921283999998,0,0,14.3921310000005,300,1000,10,6,0,0,575,0,14.3921133000003,300,1000,10,6,0,0,575,0,0,1.26,-3.8
14.8924558999997,0,0,14.8924570999998,300,1000,10,6,0,0,575,0,14.8924416999998,300,1000,10,6,0,0,575,0,0,1.26,-3.8
15.3931208000004,0,0,15.3931220000004,300,1000,10,6,0,0,575,0,15.3931078000005,300,1000,10,6,0,0,575,0,0,1.26,-3.8
15.8943601999999,0,0,15.894362,300,1000,10,6,0,0,575,0,15.8943393999998,300,1000,10,6,0,0,575,0,0,1.26,-3.8
16.3956273000003,0,0,16.3956293000001,300,1000,10,6,0,0,575,0,16.3956042,300,1000,10,6,0,0,575,0,0,1.26,-3.8
16.8960777000002,0,0,16.8960789000002,300,1000,10,6,0,0,575,0,16.8960630000001,300,1000,10,6,0,0,575,0,0,1.26,-3.8
17.3973673999999,0,0,17.3973685999999,300,1000,10,6,0,0,575,0,17.3973434999998,300,1000,10,6,0,0,575,0,0,1.26,-3.8
17.9448280000006,0,0,17.9448291999997,300,1000,10,6,0,0,575,0,17.9448078000005,300,1000,10,6,0,0,575,0,0,1.26,-3.8
18.4453970000004,0,0,18.4453984000002,300,1000,10,6,0,0,575,0,18.4453776,300,1000,10,6,0,0,575,0,0,1.26,-3.8
18.9456932000003,0,0,18.9456945000002,300,1000,10,6,0,0,575,0,18.945678,300,1000,10,6,0,0,575,0,0,1.26,-3.8
3.47288949999984,0,0,3.47289120000005,300,1000,10,6,0,0,575,0,3.47281539999949,300,1000,10,6,0,0,575,0,0,1.26,-3.8
3.9717742999992,0,0,3.97177569999985,300,1000,10,6,0,0,575,0,3.97175979999975,300,1000,10,6,0,0,575,0,0,1.26,-3.8
4.47422989999995,0,0,4.47423099999924,300,1000,10,6,0,0,575,0,4.47421489999942,300,1000,10,6,0,0,575,0,0,1.26,-3.8
4.97709020000002,0,0,4.97709140000006,300,1000,10,6,0,0,575,0,4.97707509999964,300,1000,10,6,0,0,575,0,0,1.26,-3.8
5.47800069999994,0,0,5.47800209999969,300,1000,10,6,0,0,575,0,5.47798489999968,300,1000,10,6,0,0,575,0,0,1.26,-3.8
5.98108289999982,0,0,5.98108400000001,300,1000,10,6,0,0,575,0,5.98106919999918,300,1000,10,6,0,0,575,0,0,1.26,-3.8
6.48364669999955,0,0,6.48364799999945,300,1000,10,6,0,0,575,0,6.48362879999968,300,1000,10,6,0,0,575,0,0,1.26,-3.8
4.76899279999998,0,0,4.76899430000049,300,1000,10,6,0,0,575,0,4.76883520000047,300,1000,10,6,0,0,575,0,0,1.26,-3.8
5.2747360000003,0,0,5.27473720000035,300,1000,10,6,0,0,575,0,5.27472360000047,300,1000,10,6,0,0,575,0,0,1.26,-3.8
5.77495090000048,0,0,5.77495210000052,300,1000,10,6,0,0,575,0,5.77493740000045,300,1000,10,6,0,0,575,0,0,1.26,-3.8
6.27623340000082,0,0,6.27623500000027,300,1000,10,6,0,0,575,0,6.27621460000046,300,1000,10,6,0,0,575,0,0,1.26,-3.8
6.7760401000005,0,0,6.77604130000054,300,1000,10,6,0,0,575,0,6.77602790000037,300,1000,10,6,0,0,575,0,0,1.26,-3.8
7.27706490000037,0,0,7.27706600000056,300,1000,10,6,0,0,575,0,7.27705190000052,300,1000,10,6,0,0,575,0,0,1.26,-3.8
7.7786171000007,0,0,7.7786184000006,300,1000,10,6,0,0,575,0,7.77860280000004,300,1000,10,6,0,0,575,0,0,1.26,-3.8
8.27963460000046,0,0,8.27963580000051,300,1000,10,6,0,0,575,0,8.27961520000008,300,1000,10,6,0,0,575,0,0,1.26,-3.8
8.78179739999996,0,0,8.78179950000049,300,1000,10,6,0,0,575,0,8.7817799000004,300,1000,10,6,0,0,575,0,0,1.26,-3.8
9.28274610000062,0,0,9.28274760000022,300,1000,10,6,0,0,575,0,9.28273050000007,300,1000,10,6,0,0,575,0,0,1.26,-3.8
9.78406710000036,0,0,9.78406820000055,300,1000,10,6,0,0,575,0,9.78405290000046,300,1000,10,6,0,0,575,0,0,1.26,-3.8
10.2846592000005,0,0,10.2846605000004,300,1000,10,6,0,0,575,0,10.2846464000004,300,1000,10,6,0,0,575,0,0,1.26,-3.8
10.7850549000004,0,0,10.7850561000005,300,1000,10,6,0,0,575,0,10.7850424000007,300,1000,10,6,0,0,575,0,0,1.26,-3.8
11.2871909000005,0,0,11.2871930000001,300,1000,10,6,0,0,575,0,11.2871725000005,300,1000,10,6,0,0,575,0,0,1.26,-3.8
11.7887544000005,0,0,11.7887556000005,300,1000,10,6,0,0,575,0,11.7887399000001,300,1000,10,6,0,0,575,0,0,1.26,-3.8
12.2896229000007,0,0,12.2896242000006,300,1000,10,6,0,0,575,0,12.2896075000008,300,1000,10,6,0,0,575,0,0,1.26,-3.8
12.7896336000003,0,0,12.7896349000002,300,1000,10,6,0,0,575,0,12.7896213000004,300,1000,10,6,0,0,575,0,0,1.26,-3.8
13.2916397000008,0,0,13.2916410000007,300,1000,10,6,0,0,575,0,13.2916243,300,1000,10,6,0,0,575,0,0,1.26,-3.8
13.7947027,0,0,13.7947039000001,300,1000,10,6,0,0,575,0,13.7946821000005,300,1000,10,6,0,0,575,0,0,1.26,-3.8
14.2960759000007,0,0,14.2960774000003,300,1000,10,6,0,0,575,0,14.2960597000001,300,1000,10,6,0,0,575,0,0,1.26,-3.8
14.7979500000001,0,0,14.7979511000003,300,1000,10,6,0,0,575,0,14.7979375000004,300,1000,10,6,0,0,575,0,0,1.26,-3.8
15.2986586000006,0,0,15.2986598000007,300,1000,10,6,0,0,575,0,15.2986460000002,300,1000,10,6,0,0,575,0,0,1.26,-3.8
15.8001943000008,0,0,15.8001955,300,1000,10,6,0,0,575,0,15.8001801,300,1000,10,6,0,0,575,0,0,1.26,-3.8
16.3019728000008,0,0,16.301974,300,1000,10,6,0,0,575,0,16.3019572000003,300,1000,10,6,0,0,575,0,0,1.26,-3.8
16.8036492000001,0,0,16.8036504000002,300,1000,10,6,0,0,575,0,16.8036318000004,300,1000,10,6,0,0,575,0,0,1.26,-3.8
17.3049395000007,0,0,17.3049407000008,300,1000,10,6,0,0,575,0,17.3049269000003,300,1000,10,6,0,0,575,0,0,1.26,-3.8
17.8061913000001,0,0,17.8061926,300,1000,10,6,0,0,575,0,17.8061780000007,300,1000,10,6,0,0,575,0,0,1.26,-3.8
18.3077702,0,0,18.3077714000001,300,1000,10,6,0,0,575,0,18.3077543000009,300,1000,10,6,0,0,575,0,0,1.26,-3.8
18.8085451000006,0,0,18.8085462000008,300,1000,10,6,0,0,575,0,18.8085323000005,300,1000,10,6,0,0,575,0,0,1.26,-3.8
19.3107966000007,0,0,19.3107983,300,1000,10,6,0,0,575,0,19.3107776000006,300,1000,10,6,0,0,575,0,0,1.26,-3.8
19.8123361000007,0,0,19.8123375000005,300,1000,10,6,0,0,575,0,19.8123181000001,300,1000,10,6,0,0,575,0,0,1.26,-3.8
20.3129454,0,0,20.3129469000005,300,1000,10,6,0,0,575,0,20.3129303000005,300,1000,10,6,0,0,575,0,0,1.26,-3.8
20.8152617000005,0,0,20.8152638000001,300,1000,10,6,0,0,575,0,20.8152469000006,300,1000,10,6,0,0,575,0,0,1.26,-3.8
21.3180752000007,0,0,21.3180767000003,300,1000,10,6,0,0,575,0,21.3180592000008,300,1000,10,6,0,0,575,0,0,1.26,-3.8
21.8203738000002,0,0,21.8203758,300,1000,10,6,0,0,575,0,21.8203513000008,300,1000,10,6,0,0,575,0,0,1.26,-3.8
22.3226095,0,0,22.3226108000008,300,1000,10,6,0,0,575,0,22.3225961000007,300,1000,10,6,0,0,575,0,0,1.26,-3.8
22.8236833000001,0,0,22.8236846,300,1000,10,6,0,0,575,0,22.8236678000003,300,1000,10,6,0,0,575,0,0,1.26,-3.8
23.3261685000007,0,0,23.3261696,300,1000,10,6,0,0,575,0,23.3261568000007,300,1000,10,6,0,0,575,0,0,1.26,-3.8
23.8279054000004,0,0,23.8279066000005,300,1000,10,6,0,0,575,0,23.8278919000004,300,1000,10,6,0,0,575,0,0,1.26,-3.8
24.3293062000002,0,0,24.3293079000005,300,1000,10,6,0,0,575,0,24.3292887000007,300,1000,10,6,0,0,575,0,0,1.26,-3.8
24.8321443000004,0,0,24.8321455000005,300,1000,10,6,0,0,575,0,24.8321267000001,300,1000,10,6,0,0,575,0,0,1.26,-3.8
25.3350576000003,0,0,25.335059,300,1000,10,6,0,0,575,0,25.3350391000004,300,1000,10,6,0,0,575,0,0,1.26,-3.8
25.8373850000007,0,0,25.8373862000008,300,1000,10,6,0,0,575,0,25.837372,300,1000,10,6,0,0,575,0,0,1.26,-3.8
26.3396866000003,0,0,26.3396878000003,300,1000,10,6,0,0,575,0,26.3396713000002,300,1000,10,6,0,0,575,0,0,1.26,-3.8
26.8398759000002,0,1,26.8398771000002,300,1000,10,6,0,0,575,0,26.8398627000006,300,1000,10,6,0,0,575,0,0,1.26,-3.8
27.3407867000005,0,1,27.3407882000001,300,1000,10,6,0,0,575,0,27.340768,300,1000,10,6,0,0,575,0,0,1.26,-3.8
27.8415743000005,0,1,27.8415755000005,300,1000,10,6,0,0,575,0,27.8415612000008,300,1000,10,6,0,0,575,0,0,1.26,-3.8
28.3445820000006,0,1,28.3445832000007,300,1000,10,6,0,0,575,0,28.3445643000005,300,1000,10,6,0,0,575,0,0,1.26,-3.8
28.8455339000002,0,1,28.8455353000008,300,1000,10,6,0,0,575,0,28.8455190000004,300,1000,10,6,0,0,575,0,0,1.26,-3.8
29.3455545000006,0,1,29.3455560000002,300,1000,10,6,0,0,575,0,29.3455353000008,300,1000,10,6,0,0,575,0,0,1.26,-3.8
29.8476486,0,1,29.8476501000005,300,1000,10,6,0,0,575,0,29.8476353000005,300,1000,10,6,0,0,575,0,0,1.26,-3.8
30.3492409,0,1,30.3492423000007,300,1000,10,6,0,0,575,0,30.3492265000004,300,1000,10,6,0,0,575,0,0,1.26,-3.8
30.8496643000008,0,1,30.8496655000008,300,1000,10,6,0,0,575,0,30.8496506000001,300,1000,10,6,0,0,575,0,0,1.26,-3.8
31.3502006000008,0,1,31.3502028000003,300,1000,10,6,0,0,575,0,31.3501853000007,300,1000,10,6,0,0,575,0,0,1.26,-3.8
31.8508879000001,0,1,31.8508891000001,300,1000,10,6,0,0,575,0,31.8508716000006,300,1000,10,6,0,0,575,0,0,1.26,-3.8
32.3529703000004,0,1,32.3529721000004,300,1000,10,6,0,0,575,0,32.3529534000008,300,1000,10,6,0,0,575,0,0,1.26,-3.8
32.8551278000004,0,1,32.8551289000006,300,1000,10,6,0,0,575,0,32.8551106000004,300,1000,10,6,0,0,575,0,0,1.26,-3.8
33.3574706000009,0,1,33.3574718,300,1000,10,6,0,0,575,0,33.3574566000007,300,1000,10,6,0,0,575,0,0,1.26,-3.8
33.8591468000004,0,1,33.8591479000006,300,1000,10,6,0,0,575,0,33.8591343000007,300,1000,10,6,0,0,575,0,0,1.26,-3.8
34.3608823000004,0,1,34.3608837000002,300,1000,10,6,0,0,575,0,34.3608645000004,300,1000,10,6,0,0,575,0,0,1.26,-3.8
34.8637173000006,0,1,34.8637189000001,300,1000,10,6,0,0,575,0,34.8636933000007,300,1000,10,6,0,0,575,0,0,1.26,-3.8
35.3658796,0,1,35.3658807000002,300,1000,10,6,0,0,575,0,35.3658665000003,300,1000,10,6,0,0,575,0,0,1.26,-3.8
35.8683433000006,0,1,35.8683444000008,300,1000,10,6,0,0,575,0,35.8683298000005,300,1000,10,6,0,0,575,0,0,1.26,-3.8
36.3710816000003,0,1,36.3710855000008,300,1000,10,6,0,0,575,0,36.3710656000003,300,1000,10,6,0,0,575,0,0,1.26,-3.8
36.8721249,0,1,36.8721260000002,300,1000,10,6,0,0,575,0,36.8721108,300,1000,10,6,0,0,575,0,0,1.26,-3.8
37.3726282000007,0,1,37.3726294000007,300,1000,10,6,0,0,575,0,37.3726153000007,300,1000,10,6,0,0,575,0,0,1.26,-3.8
37.8747950000006,0,1,37.8747963000005,300,1000,10,6,0,0,575,0,37.8747738000002,300,1000,10,6,0,0,575,0,0,1.26,-3.8
38.3747252000003,0,2,38.3747268000006,300,1000,10,6,0,0,575,0,38.3747095000008,300,1000,10,6,0,0,575,0,0,1.26,-3.8
38.8757450000003,0,2,38.8757461000005,300,1000,10,6,0,0,575,0,38.8757256000008,300,1000,10,6,0,0,575,0,0,1.26,-3.8
39.3775455000005,0,2,39.3775467000005,300,1000,10,6,0,0,575,0,39.3775318000007,300,1000,10,6,0,0,575,0,0,1.26,-3.8
39.8778310000007,0,2,39.8778322000007,300,1000,10,6,0,0,575,0,39.8778179000001,300,1000,10,6,0,0,575,0,0,1.26,-3.8
40.3778611000007,0,2,40.3778623000007,300,1000,10,6,0,0,575,0,40.3778471000005,300,1000,10,6,0,0,575,0,0,1.26,-3.8
40.8781132000004,0,2,40.8781144000004,300,1000,10,6,0,0,575,0,40.8780996000005,300,1000,10,6,0,0,575,0,0,1.26,-3.8
41.3793693000007,0,2,41.3793707000004,300,1000,10,6,0,0,575,0,41.3793521000007,300,1000,10,6,0,0,575,0,0,1.26,-3.8
41.8808964,0,2,41.8808977000008,300,1000,10,6,0,0,575,0,41.8808778000002,300,1000,10,6,0,0,575,0,0,1.26,-3.8
42.3833685,0,2,42.3833697,300,1000,10,6,0,0,575,0,42.3833551000007,300,1000,10,6,0,0,575,0,0,1.26,-3.8
42.8845601000003,0,2,42.8845613000003,300,1000,10,6,0,0,575,0,42.8845458000005,300,1000,10,6,0,0,575,0,0,1.26,-3.8
43.385397,0,2,43.3853985000005,300,1000,10,6,0,0,575,0,43.3853797000002,300,1000,10,6,0,0,575,0,0,1.26,-3.8
43.8871106000006,0,2,43.8871118000006,300,1000,10,6,0,0,575,0,43.8870985000003,300,1000,10,6,0,0,575,0,0,1.26,-3.8
44.3894990000008,0,2,44.3895006000002,300,1000,10,6,0,0,575,0,44.3894848,300,1000,10,6,0,0,575,0,0,1.26,-3.8
44.8903208000002,0,2,44.8903219000003,300,1000,10,6,0,0,575,0,44.8903076000006,300,1000,10,6,0,0,575,0,0,1.26,-3.8
45.3905698000008,0,2,45.3905710000008,300,1000,10,6,0,0,575,0,45.3905570000006,300,1000,10,6,0,0,575,0,0,1.26,-3.8
45.8920782000005,0,2,45.8920795000004,300,1000,10,6,0,0,575,0,45.8920659000005,300,1000,10,6,0,0,575,0,0,1.26,-3.8
46.3921742000002,0,2,46.3921766000003,300,1000,10,6,0,0,575,0,46.3921600000003,300,1000,10,6,0,0,575,0,0,1.26,-3.8
46.8925509000001,0,2,46.8925529000007,300,1000,10,6,0,0,575,0,46.8925380000001,300,1000,10,6,0,0,575,0,0,1.26,-3.8
47.3957862000007,0,0,47.3957874000007,300,1000,10,6,0,0,575,0,47.3957716000004,300,1000,10,6,0,0,575,0,0,1.26,-3.8
47.8997208000001,0,0,47.8997220000001,300,1000,10,6,0,0,575,0,47.8997086000008,300,1000,10,6,0,0,575,0,0,1.26,-3.8
48.4040174000002,0,0,48.4040186000002,300,1000,10,6,0,0,575,0,48.4040044000003,300,1000,10,6,0,0,575,0,0,1.26,-3.8
48.9049796000008,0,0,48.9049808,300,1000,10,6,0,0,575,0,48.9049655000008,300,1000,10,6,0,0,575,0,0,1.26,-3.8
49.4058168000001,0,0,49.4058184000005,300,1000,10,6,0,0,575,0,49.4058036000006,300,1000,10,6,0,0,575,0,0,1.26,-3.8
49.9094139000008,0,0,49.9094150000001,300,1000,10,6,0,0,575,0,49.9093969000005,300,1000,10,6,0,0,575,0,0,1.26,-3.8
50.4112458,0,0,50.4112490000007,300,1000,10,6,0,0,575,0,50.4112296000003,300,1000,10,6,0,0,575,0,0,1.26,-3.8
50.9157418000004,0,0,50.9157431000003,300,1000,10,6,0,0,575,0,50.9157241000003,300,1000,10,6,0,0,575,0,0,1.26,-3.8
51.4209436000001,0,0,51.4209447000003,300,1000,10,6,0,0,575,0,51.4209261000005,300,1000,10,6,0,0,575,0,0,1.26,-3.8
51.9226265000007,0,0,51.9226276000009,300,1000,10,6,0,0,575,0,51.9226127000002,300,1000,10,6,0,0,575,0,0,1.26,-3.8
52.4256506000002,0,0,52.4256519,300,1000,10,6,0,0,575,0,52.4256322000001,300,1000,10,6,0,0,575,0,0,1.26,-3.8
52.9261204000004,0,0,52.9261216000004,300,1000,10,6,0,0,575,0,52.9261066000008,300,1000,10,6,0,0,575,0,0,1.26,-3.8
53.4314007000003,0,0,53.4314034000008,300,1000,10,6,0,0,575,0,53.4313761000003,300,1000,10,6,0,0,575,0,0,1.26,-3.8
53.9311649000001,0,0,53.9311669000008,300,1000,10,6,0,0,575,0,53.9311453,300,1000,10,6,0,0,575,0,0,1.26,-3.8
3.1700707,0,0,3.17007209999974,300,1000,10,6,0,0,575,0,3.16990619999979,300,1000,10,6,0,0,575,0,0,1.26,-3.8
3.66779510000015,0,0,3.66779630000019,300,1000,10,6,0,0,575,0,3.66778280000017,300,1000,10,6,0,0,575,0,0,1.26,-3.8
4.16903449999973,0,0,4.16903579999962,300,1000,10,6,0,0,575,0,4.16902140000002,300,1000,10,6,0,0,575,0,0,1.26,-3.8
4.66991510000025,0,0,4.66991629999939,300,1000,10,6,0,0,575,0,4.66990249999981,300,1000,10,6,0,0,575,0,0,1.26,-3.8
5.17011099999945,0,0,5.17011209999964,300,1000,10,6,0,0,575,0,5.17009710000002,300,1000,10,6,0,0,575,0,0,1.26,-3.8
5.67132519999996,0,0,5.6713265999997,300,1000,10,6,0,0,575,0,5.67130699999962,300,1000,10,6,0,0,575,0,0,1.26,-3.8
6.17154349999964,0,0,6.17154560000017,300,1000,10,6,0,0,575,0,6.17152650000025,300,1000,10,6,0,0,575,0,0,1.26,-3.8
6.67208310000024,0,0,6.67208419999952,300,1000,10,6,0,0,575,0,6.67207059999964,300,1000,10,6,0,0,575,0,0,1.26,-3.8
7.17240059999949,0,0,7.1724022999997,300,1000,10,6,0,0,575,0,7.17238199999974,300,1000,10,6,0,0,575,0,0,1.26,-3.8
7.6732234000001,0,0,7.67322460000014,300,1000,10,6,0,0,575,0,7.67320669999935,300,1000,10,6,0,0,575,0,0,1.26,-3.8
8.17384690000017,0,0,8.17384799999945,300,1000,10,6,0,0,575,0,8.1738347999999,300,1000,10,6,0,0,575,0,0,1.26,-3.8
8.6745149999997,0,0,8.67451619999974,300,1000,10,6,0,0,575,0,8.67450259999987,300,1000,10,6,0,0,575,0,0,1.26,-3.8
9.17534439999963,0,0,9.17534559999967,300,1000,10,6,0,0,575,0,9.17533139999978,300,1000,10,6,0,0,575,0,0,1.26,-3.8
9.67620100000022,0,0,9.67620219999935,300,1000,10,6,0,0,575,0,9.67618330000005,300,1000,10,6,0,0,575,0,0,1.26,-3.8
10.1767572999997,0,0,10.1767590999998,300,1000,10,6,0,0,575,0,10.1767399,300,1000,10,6,0,0,575,0,0,1.26,-3.8
10.6771582000001,0,0,10.6771595,300,1000,10,6,0,0,575,0,10.6771406999997,300,1000,10,6,0,0,575,0,0,1.26,-3.8
11.1781903999999,0,0,11.1781935999998,300,1000,10,6,0,0,575,0,11.1781689999998,300,1000,10,6,0,0,575,0,0,1.26,-3.8
11.6782450000001,0,0,11.6782469999998,300,1000,10,6,0,0,575,0,11.6782275999994,300,1000,10,6,0,0,575,0,0,1.26,-3.8
12.1801125000002,0,0,12.1801138000001,300,1000,10,6,0,0,575,0,12.1800942999998,300,1000,10,6,0,0,575,0,0,1.26,-3.8
12.6829153999997,0,0,12.6829166999996,300,1000,10,6,0,0,575,0,12.6828987999997,300,1000,10,6,0,0,575,0,0,1.26,-3.8
15.0727934999995,0,0,15.0727947999994,300,1000,10,6,0,0,575,0,15.0727711999998,300,1000,10,6,0,0,575,0,0,1.26,-3.8
15.5735118000002,0,1,15.5735135999994,300,1000,10,6,0,0,575,0,15.5734941999999,300,1000,10,6,0,0,575,0,0,1.26,-3.8
16.0749309000003,0,1,16.0749324999997,300,1000,10,6,0,0,575,0,16.0749147999995,300,1000,10,6,0,0,575,0,0,1.26,-3.8
16.5783463999996,0,1,16.5783475999997,300,1000,10,6,0,0,575,0,16.5783292999995,300,1000,10,6,0,0,575,0,0,1.26,-3.8
17.0783255999995,0,1,17.0783271999999,300,1000,10,6,0,0,575,0,17.0783086000001,300,1000,10,6,0,0,575,0,0,1.26,-3.8
17.5802395000001,0,1,17.5802409999997,300,1000,10,6,0,0,575,0,17.5802191000002,300,1000,10,6,0,0,575,0,0,1.26,-3.8
18.0824481999998,0,1,18.0824493999999,300,1000,10,6,0,0,575,0,18.0824358,300,1000,10,6,0,0,575,0,0,1.26,-3.8
18.5825187,0,1,18.5825209999994,300,1000,10,6,0,0,575,0,18.5825054999996,300,1000,10,6,0,0,575,0,0,1.26,-3.8
19.0846197999999,0,1,19.0846209000001,300,1000,10,6,0,0,575,0,19.0846043000001,300,1000,10,6,0,0,575,0,0,1.26,-3.8
19.5861667999998,0,1,19.5861680999997,300,1000,10,6,0,0,575,0,19.5861526999997,300,1000,10,6,0,0,575,0,0,1.26,-3.8
20.0878679999996,0,1,20.0878695000001,300,1000,10,6,0,0,575,0,20.0878508999995,300,1000,10,6,0,0,575,0,0,1.26,-3.8
20.5881729000002,0,1,20.5881742000001,300,1000,10,6,0,0,575,0,20.5881577,300,1000,10,6,0,0,575,0,0,1.26,-3.8
21.0904093999998,0,1,21.0904108999994,300,1000,10,6,0,0,575,0,21.0903922999996,300,1000,10,6,0,0,575,0,0,1.26,-3.8
21.5910292999997,0,1,21.5910308000002,300,1000,10,6,0,0,575,0,21.5910119,300,1000,10,6,0,0,575,0,0,1.26,-3.8
22.0917546000001,0,1,22.0917557000002,300,1000,10,6,0,0,575,0,22.0917393999998,300,1000,10,6,0,0,575,0,0,1.26,-3.8
22.5921584999996,0,1,22.5921607,300,1000,10,6,0,0,575,0,22.5921449999996,300,1000,10,6,0,0,575,0,0,1.26,-3.8
23.0932581999996,0,1,23.0932593999996,300,1000,10,6,0,0,575,0,23.0932432,300,1000,10,6,0,0,575,0,0,1.26,-3.8
23.5951528999994,0,1,23.5951539999996,300,1000,10,6,0,0,575,0,23.5951399999994,300,1000,10,6,0,0,575,0,0,1.26,-3.8
24.0957121000001,0,1,24.0957136999996,300,1000,10,6,0,0,575,0,24.0956944999998,300,1000,10,6,0,0,575,0,0,1.26,-3.8
24.5982408,0,1,24.598242,300,1000,10,6,0,0,575,0,24.5982280999997,300,1000,10,6,0,0,575,0,0,1.26,-3.8
25.1003756999999,0,1,25.1003773000002,300,1000,10,6,0,0,575,0,25.1003615999998,300,1000,10,6,0,0,575,0,0,1.26,-3.8
25.6011280000002,0,1,25.6011296999995,300,1000,10,6,0,0,575,0,25.6011116999998,300,1000,10,6,0,0,575,0,0,1.26,-3.8
26.1028073999996,0,1,26.1028086999995,300,1000,10,6,0,0,575,0,26.1027818000002,300,1000,10,6,0,0,575,0,0,1.26,-3.8
26.6047153,0,1,26.6047168999994,300,1000,10,6,0,0,575,0,26.604695,300,1000,10,6,0,0,575,0,0,1.26,-3.8
27.1062372999995,0,1,27.1062385999994,300,1000,10,6,0,0,575,0,27.1062237999995,300,1000,10,6,0,0,575,0,0,1.26,-3.8
27.6067019000002,0,1,27.6067029999995,300,1000,10,6,0,0,575,0,27.6066890000002,300,1000,10,6,0,0,575,0,0,1.26,-3.8
28.1088430999998,0,1,28.1088442999999,300,1000,10,6,0,0,575,0,28.1088306000001,300,1000,10,6,0,0,575,0,0,1.26,-3.8
28.609238,0,1,28.6092392999999,300,1000,10,6,0,0,575,0,28.6092246999997,300,1000,10,6,0,0,575,0,0,1.26,-3.8
29.1113041999997,0,1,29.1113060999996,300,1000,10,6,0,0,575,0,29.1112883999995,300,1000,10,6,0,0,575,0,0,1.26,-3.8
29.6116238999994,0,1,29.6116249999995,300,1000,10,6,0,0,575,0,29.6116095999996,300,1000,10,6,0,0,575,0,0,1.26,-3.8
30.1118193000002,0,1,30.1118207999998,300,1000,10,6,0,0,575,0,30.1118012999996,300,1000,10,6,0,0,575,0,0,1.26,-3.8
30.6126729999996,0,1,30.6126741999997,300,1000,10,6,0,0,575,0,30.6126588999996,300,1000,10,6,0,0,575,0,0,1.26,-3.8
31.1131476999999,0,1,31.1131488999999,300,1000,10,6,0,0,575,0,31.1131341,300,1000,10,6,0,0,575,0,0,1.26,-3.8
31.6155245,0,1,31.6155263000001,300,1000,10,6,0,0,575,0,31.6155057999995,300,1000,10,6,0,0,575,0,0,1.26,-3.8
32.1166095999997,0,1,32.1166122999994,300,1000,10,6,0,0,575,0,32.1165758999996,300,1000,10,6,0,0,575,0,0,1.26,-3.8
32.6179148000001,0,1,32.6179160000002,300,1000,10,6,0,0,575,0,32.6179000000002,300,1000,10,6,0,0,575,0,0,1.26,-3.8
33.1191688999997,0,1,33.1191700999998,300,1000,10,6,0,0,575,0,33.1191541999997,300,1000,10,6,0,0,575,0,0,1.26,-3.8
33.6193137999999,0,1,33.6193149999999,300,1000,10,6,0,0,575,0,33.6193007000002,300,1000,10,6,0,0,575,0,0,1.26,-3.8
34.1207727000001,0,1,34.1207737999994,300,1000,10,6,0,0,575,0,34.1207582999996,300,1000,10,6,0,0,575,0,0,1.26,-3.8
34.6213608999997,0,1,34.6213621999996,300,1000,10,6,0,0,575,0,34.6213453,300,1000,10,6,0,0,575,0,0,1.26,-3.8
35.1221485999995,0,2,35.1221497999995,300,1000,10,6,0,0,575,0,35.1221353999999,300,1000,10,6,0,0,575,0,0,1.26,-3.8
35.6230846999997,0,2,35.6230864999998,300,1000,10,6,0,0,575,0,35.6230655999998,300,1000,10,6,0,0,575,0,0,1.26,-3.8
36.1240885999996,0,2,36.1240902,300,1000,10,6,0,0,575,0,36.1240707999996,300,1000,10,6,0,0,575,0,0,1.26,-3.8
36.6260942999997,0,2,36.6260956999995,300,1000,10,6,0,0,575,0,36.6260745,300,1000,10,6,0,0,575,0,0,1.26,-3.8
37.1266281999997,0,2,37.1266292999999,300,1000,10,6,0,0,575,0,37.1266125000002,300,1000,10,6,0,0,575,0,0,1.26,-3.8
37.6292640000001,0,2,37.6292652000002,300,1000,10,6,0,0,575,0,37.6292488999998,300,1000,10,6,0,0,575,0,0,1.26,-3.8
38.1323556999996,0,2,38.1323568999996,300,1000,10,6,0,0,575,0,38.1323410999994,300,1000,10,6,0,0,575,0,0,1.26,-3.8
38.6343756999995,0,2,38.6343768999996,300,1000,10,6,0,0,575,0,38.6343631,300,1000,10,6,0,0,575,0,0,1.26,-3.8
39.1372561999997,0,2,39.1372574999996,300,1000,10,6,0,0,575,0,39.1372387000001,300,1000,10,6,0,0,575,0,0,1.26,-3.8
39.6387592000001,0,2,39.6387608999994,300,1000,10,6,0,0,575,0,39.6387417999995,300,1000,10,6,0,0,575,0,0,1.26,-3.8
40.1396169999998,0,2,40.1396182999997,300,1000,10,6,0,0,575,0,40.1396046,300,1000,10,6,0,0,575,0,0,1.26,-3.8
40.6396317999997,0,2,40.6396328999999,300,1000,10,6,0,0,575,0,40.6396189999996,300,1000,10,6,0,0,575,0,0,1.26,-3.8
41.1400328999998,0,2,41.1400340999999,300,1000,10,6,0,0,575,0,41.1400192000001,300,1000,10,6,0,0,575,0,0,1.26,-3.8
41.6407256000002,0,2,41.6407267999994,300,1000,10,6,0,0,575,0,41.6407134999999,300,1000,10,6,0,0,575,0,0,1.26,-3.8
42.1416177000001,0,2,42.1416189000001,300,1000,10,6,0,0,575,0,42.1415935999994,300,1000,10,6,0,0,575,0,0,1.26,-3.8
42.6434026999996,0,2,42.6434039999995,300,1000,10,6,0,0,575,0,42.6433885999995,300,1000,10,6,0,0,575,0,0,1.26,-3.8
43.1456563000002,0,2,43.1456575000002,300,1000,10,6,0,0,575,0,43.1456401999994,300,1000,10,6,0,0,575,0,0,1.26,-3.8
43.6488516999998,0,2,43.6488534,300,1000,10,6,0,0,575,0,43.648835,300,1000,10,6,0,0,575,0,0,1.26,-3.8
44.1492502000001,0,2,44.1492515999998,300,1000,10,6,0,0,575,0,44.1492306999999,300,1000,10,6,0,0,575,0,0,1.26,-3.8
44.6503587999996,0,2,44.6503602000003,300,1000,10,6,0,0,575,0,44.6503406000002,300,1000,10,6,0,0,575,0,0,1.26,-3.8
45.1504745000002,0,2,45.1504757000002,300,1000,10,6,0,0,575,0,45.1504625999996,300,1000,10,6,0,0,575,0,0,1.26,-3.8
45.6525099999999,0,2,45.6525112999998,300,1000,10,6,0,0,575,0,45.6524955999994,300,1000,10,6,0,0,575,0,0,1.26,-3.8
46.1527158999997,0,2,46.1527170999998,300,1000,10,6,0,0,575,0,46.1527016,300,1000,10,6,0,0,575,0,0,1.26,-3.8
61.0359678999994,0,0,61.0359711000001,300,1000,10,6,0,0,575,0,61.0359400999996,300,1000,10,6,0,0,575,0,0,1.26,-3.8
61.7243027999994,0,0,61.7243039999994,300,1000,10,6,0,0,575,0,61.7242888000001,300,1000,10,6,0,0,575,0,0,1.26,-3.8
62.4289220000001,0,0,62.4289233999998,300,1000,10,6,0,0,575,0,62.4289063999995,300,1000,10,6,0,0,575,0,0,1.26,-3.8
63.1437153999996,0,0,63.1437171999996,300,1000,10,6,0,0,575,0,63.1436985999999,300,1000,10,6,0,0,575,0,0,1.26,-3.8
63.8603978000001,0,0,63.8603988999994,300,1000,10,6,0,0,575,0,63.8603809999995,300,1000,10,6,0,0,575,0,0,1.26,-3.8
64.5665073999999,0,0,64.5665086999998,300,1000,10,6,0,0,575,0,64.5664839000001,300,1000,10,6,0,0,575,0,0,1.26,-3.8
65.2565538999997,0,0,65.2565550999998,300,1000,10,6,0,0,575,0,65.2565374999995,300,1000,10,6,0,0,575,0,0,1.26,-3.8
65.9539980999998,0,0,65.9539994999996,300,1000,10,6,0,0,575,0,65.9539820999998,300,1000,10,6,0,0,575,0,0,1.26,-3.8
66.6589981999996,0,0,66.6589993999996,300,1000,10,6,0,0,575,0,66.6589844,300,1000,10,6,0,0,575,0,0,1.26,-3.8
67.3565564999999,0,0,67.3565577999998,300,1000,10,6,0,0,575,0,67.3565392,300,1000,10,6,0,0,575,0,0,1.26,-3.8
68.0668255999999,0,0,68.0668267999999,300,1000,10,6,0,0,575,0,68.0668066999997,300,1000,10,6,0,0,575,0,0,1.26,-3.8
68.7660331999996,0,0,68.7660343999996,300,1000,10,6,0,0,575,0,68.7660181000001,300,1000,10,6,0,0,575,0,0,1.26,-3.8
69.4512334000001,0,0,69.4512346000001,300,1000,10,6,0,0,575,0,69.4512187,300,1000,10,6,0,0,575,0,0,1.26,-3.8
70.1552216,0,0,70.1552233000002,300,1000,10,6,0,0,575,0,70.1552062999999,300,1000,10,6,0,0,575,0,0,1.26,-3.8
70.8387852999995,0,0,70.8387863999997,300,1000,10,6,0,0,575,0,70.8387698999995,300,1000,10,6,0,0,575,0,0,1.26,-3.8
71.5550145999996,0,0,71.5550157999996,300,1000,10,6,0,0,575,0,71.5550003999997,300,1000,10,6,0,0,575,0,0,1.26,-3.8
72.2477107999994,0,0,72.2477119999994,300,1000,10,6,0,0,575,0,72.2476950999999,300,1000,10,6,0,0,575,0,0,1.26,-3.8
72.9304101999996,0,0,72.9304113999997,300,1000,10,6,0,0,575,0,72.9303963000002,300,1000,10,6,0,0,575,0,0,1.26,-3.8
73.6329894999999,0,0,73.6329908999996,300,1000,10,6,0,0,575,0,73.6329703000001,300,1000,10,6,0,0,575,0,0,1.26,-3.8
74.3176507999997,0,0,74.3176519999997,300,1000,10,6,0,0,575,0,74.3176354999996,300,1000,10,6,0,0,575,0,0,1.26,-3.8
75.0202953999997,0,0,75.0202965999997,300,1000,10,6,0,0,575,0,75.0202774999998,300,1000,10,6,0,0,575,0,0,1.26,-3.8
75.7343789999995,0,0,75.7343801999996,300,1000,10,6,0,0,575,0,75.7343639000001,300,1000,10,6,0,0,575,0,0,1.26,-3.8
76.4245853000002,0,0,76.4245864999994,300,1000,10,6,0,0,575,0,76.4245722999995,300,1000,10,6,0,0,575,0,0,1.26,-3.8
77.0369488999995,0,0,77.0369499999997,300,1000,10,6,0,0,575,0,77.0369295999999,300,1000,10,6,0,0,575,0,0,1.26,-3.8
77.7431424999995,0,0,77.7431436999996,300,1000,10,6,0,0,575,0,77.7431243000001,300,1000,10,6,0,0,575,0,0,1.26,-3.8
78.4201938999995,0,0,78.4201953000002,300,1000,10,6,0,0,575,0,78.4201782999999,300,1000,10,6,0,0,575,0,0,1.26,-3.8
79.1206829000002,0,0,79.1206839999995,300,1000,10,6,0,0,575,0,79.1206691999996,300,1000,10,6,0,0,575,0,0,1.26,-3.8
79.8030195000001,0,0,79.8030205999994,300,1000,10,6,0,0,575,0,79.8030070999994,300,1000,10,6,0,0,575,0,0,1.26,-3.8
80.4834820999995,0,0,80.4834832999995,300,1000,10,6,0,0,575,0,80.4834689999998,300,1000,10,6,0,0,575,0,0,1.26,-3.8
81.1772605999995,0,0,81.1772617999995,300,1000,10,6,0,0,575,0,81.1772455999999,300,1000,10,6,0,0,575,0,0,1.26,-3.8
81.8535695,0,0,81.8535707000001,300,1000,10,6,0,0,575,0,81.8535561999997,300,1000,10,6,0,0,575,0,0,1.26,-3.8
82.5436510999998,0,0,82.5436522999998,300,1000,10,6,0,0,575,0,82.5436367000002,300,1000,10,6,0,0,575,0,0,1.26,-3.8
83.2297946999997,0,0,83.2297957999999,300,1000,10,6,0,0,575,0,83.2297768999997,300,1000,10,6,0,0,575,0,0,1.26,-3.8
3.28537830000005,0,0,3.28538050000043,300,1000,10,6,0,0,575,0,3.28511499999968,300,1000,10,6,0,0,575,0,0,1.26,-3.8
3.78251319999981,0,0,3.78251439999985,300,1000,10,6,0,0,575,0,3.78249700000015,300,1000,10,6,0,0,575,0,0,1.26,-3.8
4.28278090000003,0,0,4.28278200000022,300,1000,10,6,0,0,575,0,4.28276879999976,300,1000,10,6,0,0,575,0,0,1.26,-3.8
4.78311420000045,0,0,4.7831154000005,300,1000,10,6,0,0,575,0,4.78310160000001,300,1000,10,6,0,0,575,0,0,1.26,-3.8
5.28449629999977,0,0,5.28449790000013,300,1000,10,6,0,0,575,0,5.28447810000034,300,1000,10,6,0,0,575,0,0,1.26,-3.8
5.78440690000025,0,0,5.78440800000044,300,1000,10,6,0,0,575,0,5.78439200000048,300,1000,10,6,0,0,575,0,0,1.26,-3.8
6.28513509999993,0,0,6.28513629999998,300,1000,10,6,0,0,575,0,6.28512380000029,300,1000,10,6,0,0,575,0,0,1.26,-3.8
6.78666729999986,0,0,6.78666849999991,300,1000,10,6,0,0,575,0,6.78665240000009,300,1000,10,6,0,0,575,0,0,1.26,-3.8
7.28736260000005,0,0,7.28736370000024,300,1000,10,6,0,0,575,0,7.28734820000045,300,1000,10,6,0,0,575,0,0,1.26,-3.8
7.78764539999975,0,0,7.78764659999979,300,1000,10,6,0,0,575,0,7.78763330000038,300,1000,10,6,0,0,575,0,0,1.26,-3.8
8.28780199999983,0,0,8.28780319999987,300,1000,10,6,0,0,575,0,8.2877897999997,300,1000,10,6,0,0,575,0,0,1.26,-3.8
8.78933430000052,0,0,8.78933589999997,300,1000,10,6,0,0,575,0,8.78931290000037,300,1000,10,6,0,0,575,0,0,1.26,-3.8
9.28953060000003,0,0,9.2895325999998,300,1000,10,6,0,0,575,0,9.28951260000031,300,1000,10,6,0,0,575,0,0,1.26,-3.8
9.7900365000005,0,1,9.79003770000054,300,1000,10,6,0,0,575,0,9.79002450000007,300,1000,10,6,0,0,575,0,0,1.26,-3.8
10.2909747000003,0,1,10.2909759000004,300,1000,10,6,0,0,575,0,10.2909623000005,300,1000,10,6,0,0,575,0,0,1.26,-3.8
10.7916972000003,0,1,10.7916986999999,300,1000,10,6,0,0,575,0,10.7916802999998,300,1000,10,6,0,0,575,0,0,1.26,-3.8
11.2926944000001,0,2,11.2926956000001,300,1000,10,6,0,0,575,0,11.2926821999999,300,1000,10,6,0,0,575,0,0,1.26,-3.8
11.7930177999997,0,2,11.7930197000005,300,1000,10,6,0,0,575,0,11.7930050000004,300,1000,10,6,0,0,575,0,0,1.26,-3.8
12.2937923,0,2,12.2937935999998,300,1000,10,6,0,0,575,0,12.2937790000005,300,1000,10,6,0,0,575,0,0,1.26,-3.8
12.9476992999998,0,0,12.9477004999999,300,1000,10,6,0,0,575,0,12.9476793000003,300,1000,10,6,0,0,575,0,0,1.26,-3.8
13.6123904000005,0,0,13.612392,300,1000,10,6,0,0,575,0,13.6123717999999,300,1000,10,6,0,0,575,0,0,1.26,-3.8
14.2576724,0,0,14.2576742000001,300,1000,10,6,0,0,575,0,14.2576582000002,300,1000,10,6,0,0,575,0,0,1.26,-3.8
14.9058958000005,0,0,14.9058971000004,300,1000,10,6,0,0,575,0,14.9058732000003,300,1000,10,6,0,0,575,0,0,1.26,-3.8
15.5923706000003,0,0,15.5923725000002,300,1000,10,6,0,0,575,0,15.5923511000001,300,1000,10,6,0,0,575,0,0,1.26,-3.8
16.3077948,0,0,16.3077966000001,300,1000,10,6,0,0,575,0,16.3077703999998,300,1000,10,6,0,0,575,0,0,1.26,-3.8
16.9675640000005,0,0,16.9675652000005,300,1000,10,6,0,0,575,0,16.9675459999999,300,1000,10,6,0,0,575,0,0,1.26,-3.8
17.6834079,0,0,17.6834091000001,300,1000,10,6,0,0,575,0,17.6833919999999,300,1000,10,6,0,0,575,0,0,1.26,-3.8
18.3263171999997,0,0,18.3263183999998,300,1000,10,6,0,0,575,0,18.3263003000002,300,1000,10,6,0,0,575,0,0,1.26,-3.8
19.1244256999998,0,0,19.1244268999999,300,1000,10,6,0,0,575,0,19.1244102000001,300,1000,10,6,0,0,575,0,0,1.26,-3.8
19.8254800000004,0,0,19.8254812000005,300,1000,10,6,0,0,575,0,19.8254649,300,1000,10,6,0,0,575,0,0,1.26,-3.8
20.4987434000004,0,0,20.4987444999997,300,1000,10,6,0,0,575,0,20.4987276000002,300,1000,10,6,0,0,575,0,0,1.26,-3.8
21.1682191,0,0,21.1682203,300,1000,10,6,0,0,575,0,21.1681963999999,300,1000,10,6,0,0,575,0,0,1.26,-3.8
21.8157483000005,0,0,21.8157495000005,300,1000,10,6,0,0,575,0,21.8157339999998,300,1000,10,6,0,0,575,0,0,1.26,-3.8
3.53242949999913,0,0,3.53243079999993,300,1000,10,6,0,0,575,0,3.53238969999984,300,1000,10,6,0,0,575,0,0,1.26,-3.8
4.04798889999984,0,0,4.04799090000051,300,1000,10,6,0,0,575,0,4.04796960000021,300,1000,10,6,0,0,575,0,0,1.26,-3.8
4.54853030000049,0,0,4.54853179999918,300,1000,10,6,0,0,575,0,4.54851710000003,300,1000,10,6,0,0,575,0,0,1.26,-3.8
5.04887439999948,0,0,5.04887550000058,300,1000,10,6,0,0,575,0,5.04886210000041,300,1000,10,6,0,0,575,0,0,1.26,-3.8
5.54925179999918,0,0,5.54925290000028,300,1000,10,6,0,0,575,0,5.54924019999999,300,1000,10,6,0,0,575,0,0,1.26,-3.8
6.05003020000004,0,0,6.05003129999932,300,1000,10,6,0,0,575,0,6.05001710000033,300,1000,10,6,0,0,575,0,0,1.26,-3.8
6.55006940000021,0,0,6.55007060000025,300,1000,10,6,0,0,575,0,6.55005700000038,300,1000,10,6,0,0,575,0,0,1.26,-3.8
7.0502951999988,0,1,7.05029689999901,300,1000,10,6,0,0,575,0,7.05028130000028,300,1000,10,6,0,0,575,0,0,1.26,-3.8
7.55037020000054,0,1,7.55037140000059,300,1000,10,6,0,0,575,0,7.55035029999999,300,1000,10,6,0,0,575,0,0,1.26,-3.8
8.05054369999925,0,1,8.05054519999976,300,1000,10,6,0,0,575,0,8.05052590000014,300,1000,10,6,0,0,575,0,0,1.26,-3.8
8.55129219999981,0,1,8.55129339999985,300,1000,10,6,0,0,575,0,8.55127840000023,300,1000,10,6,0,0,575,0,0,1.26,-3.8
9.05219659999966,0,2,9.05219839999882,300,1000,10,6,0,0,575,0,9.05218140000034,300,1000,10,6,0,0,575,0,0,1.26,-3.8
9.55317819999982,0,2,9.55318079999961,300,1000,10,6,0,0,575,0,9.55316599999969,300,1000,10,6,0,0,575,0,0,1.26,-3.8
10.0539019999997,0,2,10.0539043999997,300,1000,10,6,0,0,575,0,10.0538894000001,300,1000,10,6,0,0,575,0,0,1.26,-3.8
10.5781299999999,0,0,10.5781311999999,300,1000,10,6,0,0,575,0,10.5781084999999,300,1000,10,6,0,0,575,0,0,1.26,-3.8
11.2402349999993,0,0,11.2402361000004,300,1000,10,6,0,0,575,0,11.2402213000005,300,1000,10,6,0,0,575,0,0,1.26,-3.8
11.8943913999992,0,0,11.8943925999993,300,1000,10,6,0,0,575,0,11.8943743,300,1000,10,6,0,0,575,0,0,1.26,-3.8
12.5533242000001,0,0,12.5533257999996,300,1000,10,6,0,0,575,0,12.5533082000002,300,1000,10,6,0,0,575,0,0,1.26,-3.8
13.2162169999992,0,0,13.2162181999993,300,1000,10,6,0,0,575,0,13.2162021000004,300,1000,10,6,0,0,575,0,0,1.26,-3.8
24.2189166999997,0,1,13.494915061865,300,1000,10,6,0,0,575,0,13.4948939618644,300,1000,10,6,0,0,575,0,0,1.26,-3.8
15.5055649000005,0,0,15.5055659999998,300,1000,10,6,0,0,575,0,15.5055179999999,300,1000,10,6,0,0,575,0,0,1.26,-3.8
16.0194349000012,0,0,16.0194361000013,300,1000,10,6,0,0,575,0,16.0194148999999,300,1000,10,6,0,0,575,0,0,1.26,-3.8
16.5202712999999,0,0,16.5202724999999,300,1000,10,6,0,0,575,0,16.5202563000003,300,1000,10,6,0,0,575,0,0,1.26,-3.8
17.0209888000009,0,0,17.0209899000001,300,1000,10,6,0,0,575,0,17.0209762000013,300,1000,10,6,0,0,575,0,0,1.26,-3.8
17.5220043000008,0,0,17.5220055000009,300,1000,10,6,0,0,575,0,17.5219898000014,300,1000,10,6,0,0,575,0,0,1.26,-3.8
18.0228526999999,0,0,18.0228539,300,1000,10,6,0,0,575,0,18.0228326000015,300,1000,10,6,0,0,575,0,0,1.26,-3.8
18.5240184000013,0,0,18.5240209000003,300,1000,10,6,0,0,575,0,18.524004500001,300,1000,10,6,0,0,575,0,0,1.26,-3.8
19.0247020000006,0,0,19.0247036000001,300,1000,10,6,0,0,575,0,19.0246820000011,300,1000,10,6,0,0,575,0,0,1.26,-3.8
19.5257211000007,0,1,19.5257230000007,300,1000,10,6,0,0,575,0,19.5257055000002,300,1000,10,6,0,0,575,0,0,1.26,-3.8
20.0265749999999,0,1,20.0265767000001,300,1000,10,6,0,0,575,0,20.0265553000008,300,1000,10,6,0,0,575,0,0,1.26,-3.8
20.5269622000014,0,1,20.5269643000011,300,1000,10,6,0,0,575,0,20.5269420000004,300,1000,10,6,0,0,575,0,0,1.26,-3.8
21.0279569000013,0,1,21.0279586000015,300,1000,10,6,0,0,575,0,21.0279348000004,300,1000,10,6,0,0,575,0,0,1.26,-3.8
21.5279825000016,0,1,21.5279838000006,300,1000,10,6,0,0,575,0,21.5279662000012,300,1000,10,6,0,0,575,0,0,1.26,-3.8
22.0281812000012,0,2,22.0281823000005,300,1000,10,6,0,0,575,0,22.0281656000006,300,1000,10,6,0,0,575,0,0,1.26,-3.8
22.5290041000007,0,2,22.5290052,300,1000,10,6,0,0,575,0,22.5289897000002,300,1000,10,6,0,0,575,0,0,1.26,-3.8
23.0299738000012,0,2,23.0299749000005,300,1000,10,6,0,0,575,0,23.0299596000004,300,1000,10,6,0,0,575,0,0,1.26,-3.8
23.6819972000012,0,0,23.6819990000004,300,1000,10,6,0,0,575,0,23.6819802000009,300,1000,10,6,0,0,575,0,0,1.26,-3.8
24.3566463000006,0,0,24.3566475000007,300,1000,10,6,0,0,575,0,24.3566222000009,300,1000,10,6,0,0,575,0,0,1.26,-3.8
25.0552465000001,0,0,25.0552477000001,300,1000,10,6,0,0,575,0,25.0552309000013,300,1000,10,6,0,0,575,0,0,1.26,-3.8
25.7299837999999,0,0,25.7299852000015,300,1000,10,6,0,0,575,0,25.7299662000005,300,1000,10,6,0,0,575,0,0,1.26,-3.8
26.465692400001,0,0,26.4656937,300,1000,10,6,0,0,575,0,26.4656791000016,300,1000,10,6,0,0,575,0,0,1.26,-3.8
26.9715093000013,0,0,26.9715104000006,300,1000,10,6,0,0,575,0,26.971495400001,300,1000,10,6,0,0,575,0,0,1.26,-3.8
27.6657206,0,0,27.6657218,300,1000,10,6,0,0,575,0,27.6657042000006,300,1000,10,6,0,0,575,0,0,1.26,-3.8
3.34278160000031,0,0,3.34278330000052,300,1000,10,6,0,0,575,0,3.34270460000153,300,1000,10,6,0,0,575,0,0,1.26,-3.8
3.8403500000004,0,0,3.84035230000154,300,1000,10,6,0,0,575,0,3.84033420000014,300,1000,10,6,0,0,575,0,0,1.26,-3.8
4.34078880000015,0,0,4.34078990000125,300,1000,10,6,0,0,575,0,4.34077400000024,300,1000,10,6,0,0,575,0,0,1.26,-3.8
4.84119000000101,0,0,4.84119120000105,300,1000,10,6,0,0,575,0,4.84117610000067,300,1000,10,6,0,0,575,0,0,1.26,-3.8
5.34179510000104,0,0,5.34179750000112,300,1000,10,6,0,0,575,0,5.34178080000129,300,1000,10,6,0,0,575,0,0,1.26,-3.8
5.84195300000101,0,0,5.84195510000063,300,1000,10,6,0,0,575,0,5.84193890000097,300,1000,10,6,0,0,575,0,0,1.26,-3.8
6.34285880000061,0,0,6.34285989999989,300,1000,10,6,0,0,575,0,6.3428453000015,300,1000,10,6,0,0,575,0,0,1.26,-3.8
6.84486210000068,0,0,6.84486340000149,300,1000,10,6,0,0,575,0,6.84484040000098,300,1000,10,6,0,0,575,0,0,1.26,-3.8
3.34901140000147,0,0,3.34901309999987,300,1000,10,6,0,0,575,0,3.34883330000048,300,1000,10,6,0,0,575,0,0,1.26,-3.8
3.8474941000004,0,0,3.84749540000121,300,1000,10,6,0,0,575,0,3.84748050000053,300,1000,10,6,0,0,575,0,0,1.26,-3.8
4.34863089999999,0,0,4.34863210000003,300,1000,10,6,0,0,575,0,4.34861570000066,300,1000,10,6,0,0,575,0,0,1.26,-3.8
4.84929620000003,0,0,4.84929730000113,300,1000,10,6,0,0,575,0,4.84927980000066,300,1000,10,6,0,0,575,0,0,1.26,-3.8
5.3496195000007,0,0,5.34962070000074,300,1000,10,6,0,0,575,0,5.34960120000142,300,1000,10,6,0,0,575,0,0,1.26,-3.8
5.84964460000083,0,0,5.84964620000028,300,1000,10,6,0,0,575,0,5.8496238000007,300,1000,10,6,0,0,575,0,0,1.26,-3.8
6.35018029999992,0,0,6.35018180000043,300,1000,10,6,0,0,575,0,6.35016510000059,300,1000,10,6,0,0,575,0,0,1.26,-3.8
6.85068730000057,0,1,6.85068910000155,300,1000,10,6,0,0,575,0,6.85066820000065,300,1000,10,6,0,0,575,0,0,1.26,-3.8
7.35142730000007,0,1,7.35142989999986,300,1000,10,6,0,0,575,0,7.35141160000057,300,1000,10,6,0,0,575,0,0,1.26,-3.8
7.85227970000051,0,1,7.85228199999983,300,1000,10,6,0,0,575,0,7.85226430000148,300,1000,10,6,0,0,575,0,0,1.26,-3.8
8.35229450000043,0,2,8.35229729999992,300,1000,10,6,0,0,575,0,8.35227990000021,300,1000,10,6,0,0,575,0,0,1.26,-3.8
8.85339310000018,0,2,8.8533951999998,300,1000,10,6,0,0,575,0,8.85337430000072,300,1000,10,6,0,0,575,0,0,1.26,-3.8
9.35422040000049,0,2,9.3542221000007,300,1000,10,6,0,0,575,0,9.3542064000012,300,1000,10,6,0,0,575,0,0,1.26,-3.8
9.85535630000049,0,0,9.85535800000071,300,1000,10,6,0,0,575,0,9.85533560000113,300,1000,10,6,0,0,575,0,0,1.26,-3.8
10.3562035000014,0,0,10.3562046000006,300,1000,10,6,0,0,575,0,10.3561894000013,300,1000,10,6,0,0,575,0,0,1.26,-3.8
10.8565505000006,0,0,10.8565517000006,300,1000,10,6,0,0,575,0,10.8565350000008,300,1000,10,6,0,0,575,0,0,1.26,-3.8
11.3572891000003,0,0,11.3572906999998,300,1000,10,6,0,0,575,0,11.3572756000012,300,1000,10,6,0,0,575,0,0,1.26,-3.8
11.857410300001,0,0,11.8574121000001,300,1000,10,6,0,0,575,0,11.8573937000001,300,1000,10,6,0,0,575,0,0,1.26,-3.8
12.3581223000001,0,1,3.03216087967667,300,1000,10,6,0,0,575,0,3.03213857967603,300,1000,10,6,0,0,575,0,0,1.26,-3.8
12.8586771000009,0,1,3.53271677967678,300,1000,10,6,0,0,575,0,3.53270057967529,300,1000,10,6,0,0,575,0,0,1.26,-3.8
13.3589554000009,0,1,4.0329936796752,300,1000,10,6,0,0,575,0,4.03297877967634,300,1000,10,6,0,0,575,0,0,1.26,-3.8
13.8601005,0,1,4.53413887967508,300,1000,10,6,0,0,575,0,4.53411937967576,300,1000,10,6,0,0,575,0,0,1.26,-3.8
14.3609314000005,0,1,5.03496987967628,300,1000,10,6,0,0,575,0,5.03494797967687,300,1000,10,6,0,0,575,0,0,1.26,-3.8
14.8626416000006,0,1,5.53667997967568,300,1000,10,6,0,0,575,0,5.53666137967593,300,1000,10,6,0,0,575,0,0,1.26,-3.8
15.3634598000008,0,1,6.03749797967612,300,1000,10,6,0,0,575,0,6.03748167967569,300,1000,10,6,0,0,575,0,0,1.26,-3.8
15.8638295000001,0,1,6.53786777967616,300,1000,10,6,0,0,575,0,6.53784897967671,300,1000,10,6,0,0,575,0,0,1.26,-3.8
16.3649272000002,0,1,7.03896557967528,300,1000,10,6,0,0,575,0,7.03894657967612,300,1000,10,6,0,0,575,0,0,1.26,-3.8
16.8655702000015,0,2,3.01334463532839,300,1000,10,6,0,0,575,0,3.01332033532708,300,1000,10,6,0,0,575,0,0,1.26,-3.8
17.3656844000016,0,2,3.51345863532697,300,1000,10,6,0,0,575,0,3.51342653532811,300,1000,10,6,0,0,575,0,0,1.26,-3.8
17.8658860000014,0,2,4.0136590353286,300,1000,10,6,0,0,575,0,4.01363523532746,300,1000,10,6,0,0,575,0,0,1.26,-3.8
18.3724000000002,0,2,4.52017323532709,300,1000,10,6,0,0,575,0,4.52015603532709,300,1000,10,6,0,0,575,0,0,1.26,-3.8
18.8725491000005,0,2,5.02032213532766,300,1000,10,6,0,0,575,0,5.02030823532732,300,1000,10,6,0,0,575,0,0,1.26,-3.8
19.3729509000004,0,3,3.09159167377948,300,1000,10,6,0,0,575,0,3.09157277377926,300,1000,10,6,0,0,575,0,0,1.26,-3.8
19.8735033000012,0,3,3.59214387378051,300,1000,10,6,0,0,575,0,3.59212937377924,300,1000,10,6,0,0,575,0,0,1.26,-3.8
20.3746798000011,0,3,4.09332037378044,300,1000,10,6,0,0,575,0,4.09330147378023,300,1000,10,6,0,0,575,0,0,1.26,-3.8
20.8751829000012,0,4,3.00619616289077,300,1000,10,6,0,0,575,0,3.0061784628906,300,1000,10,6,0,0,575,0,0,1.26,-3.8
21.375272700001,0,4,3.50628666289049,300,1000,10,6,0,0,575,0,3.50626726289192,300,1000,10,6,0,0,575,0,0,1.26,-3.8
21.8766369000004,0,4,4.00765016289188,300,1000,10,6,0,0,575,0,4.0076350628915,300,1000,10,6,0,0,575,0,0,1.26,-3.8
3.56761689999985,0,0,3.56761860000006,300,1000,10,6,0,0,575,0,3.56746870000097,300,1000,10,6,0,0,575,0,0,1.26,-3.8
4.06989520000025,0,0,4.06989710000016,300,1000,10,6,0,0,575,0,4.0698768000002,300,1000,10,6,0,0,575,0,0,1.26,-3.8
4.57018080000125,0,0,4.57018179999977,300,1000,10,6,0,0,575,0,4.5701683999996,300,1000,10,6,0,0,575,0,0,1.26,-3.8
5.07021130000066,0,0,5.07021239999995,300,1000,10,6,0,0,575,0,5.07019849999961,300,1000,10,6,0,0,575,0,0,1.26,-3.8
5.57116470000074,0,0,5.57116590000078,300,1000,10,6,0,0,575,0,5.5711510000001,300,1000,10,6,0,0,575,0,0,1.26,-3.8
6.07121360000019,0,0,6.071214900001,300,1000,10,6,0,0,575,0,6.07119530000091,300,1000,10,6,0,0,575,0,0,1.26,-3.8
6.57243550000021,0,0,6.57243700000072,300,1000,10,6,0,0,575,0,6.57241480000084,300,1000,10,6,0,0,575,0,0,1.26,-3.8
7.07254400000056,0,0,7.0725452000006,300,1000,10,6,0,0,575,0,7.07252750000043,300,1000,10,6,0,0,575,0,0,1.26,-3.8
7.5726881999999,0,1,7.57268970000041,300,1000,10,6,0,0,575,0,7.57267070000125,300,1000,10,6,0,0,575,0,0,1.26,-3.8
8.07368979999956,0,1,8.07369090000066,300,1000,10,6,0,0,575,0,8.0736751000004,300,1000,10,6,0,0,575,0,0,1.26,-3.8
8.57397540000056,0,1,8.57397649999984,300,1000,10,6,0,0,575,0,8.57395990000077,300,1000,10,6,0,0,575,0,0,1.26,-3.8
9.07527819999996,0,1,9.0752794,300,1000,10,6,0,0,575,0,9.07526470000084,300,1000,10,6,0,0,575,0,0,1.26,-3.8
9.57615110000006,0,2,9.57615240000086,300,1000,10,6,0,0,575,0,9.57613630000014,300,1000,10,6,0,0,575,0,0,1.26,-3.8
10.0762281000007,0,2,10.0762293000007,300,1000,10,6,0,0,575,0,10.0762135000004,300,1000,10,6,0,0,575,0,0,1.26,-3.8
10.5763297000012,0,2,10.5763309000013,300,1000,10,6,0,0,575,0,10.5763146000008,300,1000,10,6,0,0,575,0,0,1.26,-3.8
11.0766667000007,0,0,11.0766684999999,300,1000,10,6,0,0,575,0,11.0766424000012,300,1000,10,6,0,0,575,0,0,1.26,-3.8
11.5773331,0,0,11.5773343000001,300,1000,10,6,0,0,575,0,11.5773167000007,300,1000,10,6,0,0,575,0,0,1.26,-3.8
12.0778167999997,0,0,12.0778179999998,300,1000,10,6,0,0,575,0,12.0778053000013,300,1000,10,6,0,0,575,0,0,1.26,-3.8
12.5782225000003,0,0,12.5782237000003,300,1000,10,6,0,0,575,0,12.5782102000012,300,1000,10,6,0,0,575,0,0,1.26,-3.8
13.0791762999997,0,0,13.0791781000007,300,1000,10,6,0,0,575,0,13.0791566000007,300,1000,10,6,0,0,575,0,0,1.26,-3.8
13.5793553000003,0,1,2.98729937191274,300,1000,10,6,0,0,575,0,2.9872811719124,300,1000,10,6,0,0,575,0,0,1.26,-3.8
14.0865215000013,0,1,3.49446557191186,300,1000,10,6,0,0,575,0,3.49444857191156,300,1000,10,6,0,0,575,0,0,1.26,-3.8
14.5875960000012,0,1,3.99554047191123,300,1000,10,6,0,0,575,0,3.99551907191199,300,1000,10,6,0,0,575,0,0,1.26,-3.8
15.0878245000004,0,2,2.95828389555754,300,1000,10,6,0,0,575,0,2.95826129555644,300,1000,10,6,0,0,575,0,0,1.26,-3.8
15.5881777000013,0,2,3.45863559555619,300,1000,10,6,0,0,575,0,3.45862129555644,300,1000,10,6,0,0,575,0,0,1.26,-3.8
16.088565,0,2,3.9590230955564,300,1000,10,6,0,0,575,0,3.9590058955564,300,1000,10,6,0,0,575,0,0,1.26,-3.8
16.5904588000012,0,3,3.00325209846233,300,1000,10,6,0,0,575,0,3.00321729846291,300,1000,10,6,0,0,575,0,0,1.26,-3.8
17.0907315000004,0,3,3.50352309846312,300,1000,10,6,0,0,575,0,3.50350659846299,300,1000,10,6,0,0,575,0,0,1.26,-3.8
17.5905758000008,0,3,4.00336739846171,300,1000,10,6,0,0,575,0,4.0033467984631,300,1000,10,6,0,0,575,0,0,1.26,-3.8
18.0920703000011,0,4,3.0209035541393,300,1000,10,6,0,0,575,0,3.02088415413891,300,1000,10,6,0,0,575,0,0,1.26,-3.8
18.5927443,0,4,3.52157845413785,300,1000,10,6,0,0,575,0,3.52155695413785,300,1000,10,6,0,0,575,0,0,1.26,-3.8
19.0933072999997,0,4,4.02214065413864,300,1000,10,6,0,0,575,0,4.02212735413923,300,1000,10,6,0,0,575,0,0,1.26,-3.8
19.5941068000011,0,5,2.9968884328373,300,1000,10,6,0,0,575,0,2.99687263283704,300,1000,10,6,0,0,575,0,0,1.26,-3.8
20.0945645000011,0,5,3.49734633283697,300,1000,10,6,0,0,575,0,3.4973297328379,300,1000,10,6,0,0,575,0,0,1.26,-3.8
20.5951400000013,0,5,3.99792183283716,300,1000,10,6,0,0,575,0,3.99790663283784,300,1000,10,6,0,0,575,0,0,1.26,-3.8
21.0951925999998,0,6,2.98699603410751,300,1000,10,6,0,0,575,0,2.98698133410653,300,1000,10,6,0,0,575,0,0,1.26,-3.8
21.5958389000007,0,6,3.48764253410627,300,1000,10,6,0,0,575,0,3.48762663410707,300,1000,10,6,0,0,575,0,0,1.26,-3.8
22.0963377999997,0,6,3.98814093410692,300,1000,10,6,0,0,575,0,3.98812393410662,300,1000,10,6,0,0,575,0,0,1.26,-3.8
22.5967251000002,0,7,2.77695548701195,300,1000,10,6,0,0,575,0,2.77693978701245,300,1000,10,6,0,0,575,0,0,1.26,-3.8
23.0975261000003,0,7,3.27775718701196,300,1000,10,6,0,0,575,0,3.27773868701297,300,1000,10,6,0,0,575,0,0,1.26,-3.8
23.5986229999999,0,7,3.77885418701226,300,1000,10,6,0,0,575,0,3.77883588701297,300,1000,10,6,0,0,575,0,0,1.26,-3.8
24.0996783999999,0,7,4.27990888701243,300,1000,10,6,0,0,575,0,4.27989298701141,300,1000,10,6,0,0,575,0,0,1.26,-3.8
24.6002750000007,0,7,4.7805054870114,300,1000,10,6,0,0,575,0,4.7804854870119,300,1000,10,6,0,0,575,0,0,1.26,-3.8
25.1014124000012,0,7,5.28164288701191,300,1000,10,6,0,0,575,0,5.28162628701284,300,1000,10,6,0,0,575,0,0,1.26,-3.8
25.6019061000006,0,7,5.78213678701286,300,1000,10,6,0,0,575,0,5.78211918701163,300,1000,10,6,0,0,575,0,0,1.26,-3.8
26.1020523000007,0,7,6.28228278701135,300,1000,10,6,0,0,575,0,6.28226628701304,300,1000,10,6,0,0,575,0,0,1.26,-3.8
26.6027226000006,0,7,6.78295308701126,300,1000,10,6,0,0,575,0,6.78293568701156,300,1000,10,6,0,0,575,0,0,1.26,-3.8
27.1032292,0,7,7.28345958701175,300,1000,10,6,0,0,575,0,7.28344308701162,300,1000,10,6,0,0,575,0,0,1.26,-3.8
27.6037190000006,0,7,7.78394948701134,300,1000,10,6,0,0,575,0,7.78393338701244,300,1000,10,6,0,0,575,0,0,1.26,-3.8
28.1036585000002,0,7,8.28388888701193,300,1000,10,6,0,0,575,0,8.2838723870118,300,1000,10,6,0,0,575,0,0,1.26,-3.8
28.6037102000009,0,7,8.7839409870121,300,1000,10,6,0,0,575,0,8.78392198701295,300,1000,10,6,0,0,575,0,0,1.26,-3.8
29.1038444000005,0,7,9.28407468701153,300,1000,10,6,0,0,575,0,9.28405868701157,300,1000,10,6,0,0,575,0,0,1.26,-3.8
29.6040977000011,0,7,9.78432848701232,300,1000,10,6,0,0,575,0,9.78431378701134,300,1000,10,6,0,0,575,0,0,1.26,-3.8
30.1053986999996,0,7,10.285629887012,300,1000,10,6,0,0,575,0,10.2856072870127,300,1000,10,6,0,0,575,0,0,1.26,-3.8
30.6067811000012,0,7,10.7870114870129,300,1000,10,6,0,0,575,0,10.7869908870125,300,1000,10,6,0,0,575,0,0,1.26,-3.8
31.1073704000009,0,7,11.2876008870116,300,1000,10,6,0,0,575,0,11.2875756870126,300,1000,10,6,0,0,575,0,0,1.26,-3.8
31.6081317000007,0,7,11.7883622870122,300,1000,10,6,0,0,575,0,11.7883394870114,300,1000,10,6,0,0,575,0,0,1.26,-3.8
32.1096931000011,0,7,12.2899234870129,300,1000,10,6,0,0,575,0,12.2899091870113,300,1000,10,6,0,0,575,0,0,1.26,-3.8
32.6106963000002,0,7,12.7909267870127,300,1000,10,6,0,0,575,0,12.7909119870128,300,1000,10,6,0,0,575,0,0,1.26,-3.8
